AńoMes;CT;CM;Capacidad Efectiva;Capacidad Total;%Eficiencia
01/04/2026;CT-016;C-20;0;155;0
01/04/2026;CT-028;C-25;0;155;0
01/04/2026;CT-001;B9;0;300,25;0
01/04/2026;CT-001;B10;0;300,25;0
01/04/2026;CT-013;C-17;0;432;0
01/04/2026;CT-008;I-02;0;436;0
01/04/2026;CT-009;IL-01;0;436;0
01/04/2026;CT-009;IL-05;0;436;0
01/04/2026;CT-013;C-18;0;436;0
01/04/2026;CT-032;LMA02;0;436;0
01/04/2026;CT-010;C-07;0;453,25;0
01/04/2026;CT-007;I-01;0;465;0
01/04/2026;CT-007;I-04;0;465;0
01/04/2026;CT-008;I-03;0;465;0
01/04/2026;CT-009;IL-04;0;465;0
01/04/2026;CT-009;IL-26;0;465;0
01/04/2026;CT-009;IL-29;0;465;0
01/04/2026;CT-009;IL-31;0;465;0
01/04/2026;CT-009;IL-32;0;465;0
01/04/2026;CT-010;C-09;0;465;0
01/04/2026;CT-010;C-11;0;465;0
01/04/2026;CT-010;C-28;0;465;0
01/04/2026;CT-010;C-30;0;465;0
01/04/2026;CT-010;IL-02;0;465;0
01/04/2026;CT-014;C-24;0;465;0
01/04/2026;CT-029;C-27;0;465;0
01/04/2026;CT-029;C-33;0;465;0
01/04/2026;CT-030;IA01;0;465;0
01/04/2026;CT-030;IA02;0;465;0
01/04/2026;CT-031;RBA01;0;465;0
01/04/2026;CT-031;RBA02;0;465;0
01/04/2026;CT-031;RBA03;0;465;0
01/04/2026;CT-032;LMA01;0;465;0
01/04/2026;CT-020;EX19;0;516;0
01/04/2026;M.RECUPER-01;MOLINOSTARLINGER;0;528;0
01/04/2026;MOLINO;MOLINO;0;528;0
01/04/2026;MOLINO;MOLINOBIO;0;528;0
01/04/2026;MOLINO;MOLINONGR;0;528;0
01/04/2026;MOLINO;MOLINOSTALINGER;0;528;0
01/04/2026;CT-020;EX07;0;529;0
01/04/2026;CT-004;B8;0;581,25;0
01/04/2026;CT-015;C-12;0;604,5;0
01/04/2026;CT-018;EX06;0;648;0
01/04/2026;CT-018;EX09;0;648;0
01/04/2026;CT-018;EX18;0;648;0
01/04/2026;CT-003;B14;0;662;0
01/04/2026;CT-003;B2;0;668;0
01/04/2026;CT-018;EX04;0;672;0
01/04/2026;CT-018;EX10;0;672;0
01/04/2026;CT-035;B3;0;690;0
01/04/2026;CT-035;B17;0;692;0
01/04/2026;CT-003;B13;0;696;0
01/04/2026;CT-004;B12;0;697,5;0
01/04/2026;CT-005;B16;0;697,5;0
01/04/2026;CT-020;EX17;0;710;0
01/04/2026;CT-003;B4;0;716;0
01/04/2026;CT-006;B5;0;716;0
01/04/2026;CT-003;B18;0;720;0
01/04/2026;CT-006;B15;0;720;0
01/04/2026;CT-017;EX14;0;720;0
01/04/2026;CT-018;EX01;0;720;0
01/04/2026;CT-018;EX02;0;720;0
01/04/2026;CT-018;EX03;0;720;0
01/04/2026;CT-018;EX08;0;720;0
01/04/2026;CT-020;EX11;0;720;0
01/04/2026;CT-020;EX13;0;720;0
01/04/2026;CT-020;EX15;0;720;0
01/04/2026;CT-020;EX20;0;720;0
01/04/2026;CT-020;EX22;0;720;0
01/04/2026;CT-026;EA05;0;720;0
01/04/2026;CT-027;EA06;0;720;0
01/04/2026;CT-033;EX16;0;720;0
01/04/2026;CT-034;EX05;0;720;0
01/04/2026;CT-034;EX21;0;720;0
01/04/2026;CT-034;EX23;0;720;0
01/04/2026;CT-034;EX24;0;720;0
01/05/2026;CT-028;C-25;90,0945;139,5;0,64583871
01/05/2026;CT-016;C-20;112,65;139,5;0,807526882
01/05/2026;CT-030;IA01;159,64;424,25;0,376287566
01/05/2026;CT-030;IA02;159,64;424,25;0,376287566
01/05/2026;CT-001;B9;180,3;279;0,646236559
01/05/2026;CT-001;B10;184,8;279;0,662365591
01/05/2026;CT-029;C-27;212,7;424,25;0,501355333
01/05/2026;CT-029;C-33;212,7;424,25;0,501355333
01/05/2026;CT-032;LMA01;212,7;424,25;0,501355333
01/05/2026;CT-032;LMA02;212,7;424,25;0,501355333
01/05/2026;CT-014;C-24;223,22;424,25;0,526152033
01/05/2026;CT-009;IL-29;225,03;302,25;0,744516129
01/05/2026;CT-010;C-09;240,6;424,25;0,567118444
01/05/2026;CT-010;C-11;240,6;424,25;0,567118444
01/05/2026;CT-010;IL-02;240,6;424,25;0,567118444
01/05/2026;CT-031;RBA01;241,06;424,25;0,568202711
01/05/2026;CT-031;RBA02;241,06;424,25;0,568202711
01/05/2026;CT-031;RBA03;241,06;424,25;0,568202711
01/05/2026;CT-013;C-17;261,03;424,25;0,615274013
01/05/2026;CT-013;C-18;261,03;424,25;0,615274013
01/05/2026;CT-009;IL-01;263,93;416,5;0,633685474
01/05/2026;CT-009;IL-26;263,93;418,5;0,630657109
01/05/2026;CT-009;IL-04;263,93;424,25;0,622109605
01/05/2026;CT-009;IL-05;263,93;424,25;0,622109605
01/05/2026;CT-009;IL-31;263,93;424,25;0,622109605
01/05/2026;CT-009;IL-32;263,93;424,25;0,622109605
01/05/2026;CT-010;C-30;267,89;420,25;0,637453896
01/05/2026;CT-010;C-07;267,89;424,25;0,631443724
01/05/2026;CT-010;C-28;267,89;424,25;0,631443724
01/05/2026;CT-015;C-12;301,5;610,25;0,494059812
01/05/2026;CT-008;I-03;354,5;418,5;0,847072879
01/05/2026;CT-007;I-01;354,5;424,25;0,835592222
01/05/2026;CT-007;I-04;354,5;424,25;0,835592222
01/05/2026;CT-008;I-02;354,5;424,25;0,835592222
01/05/2026;CT-020;EX17;380,16;528;0,72
01/05/2026;CT-004;B12;399,75;720,75;0,554630593
01/05/2026;CT-004;B8;405,75;720,75;0,562955255
01/05/2026;M.RECUPER-01;MOLINOSTARLINGER;414;510;0,811764706
01/05/2026;MOLINO;MOLINO;414;510;0,811764706
01/05/2026;MOLINO;MOLINOBIO;414;510;0,811764706
01/05/2026;MOLINO;MOLINONGR;414;510;0,811764706
01/05/2026;MOLINO;MOLINOSTALINGER;414;510;0,811764706
01/05/2026;CT-005;B16;450,75;720,75;0,625390219
01/05/2026;CT-003;B4;459;744;0,616935484
01/05/2026;CT-006;B15;460,35;738;0,623780488
01/05/2026;CT-003;B2;465;744;0,625
01/05/2026;CT-006;B5;465;744;0,625
01/05/2026;CT-035;B3;476,64;744;0,640645161
01/05/2026;CT-035;B17;476,64;744;0,640645161
01/05/2026;CT-003;B13;477;744;0,641129032
01/05/2026;CT-003;B14;477;744;0,641129032
01/05/2026;CT-003;B18;477;744;0,641129032
01/05/2026;CT-020;EX13;509,4;710;0,717464789
01/05/2026;CT-020;EX20;530,1;638;0,830877743
01/05/2026;CT-018;EX03;540;624;0,865384615
01/05/2026;CT-020;EX07;540;720;0,75
01/05/2026;CT-018;EX01;540;744;0,725806452
01/05/2026;CT-018;EX06;540;744;0,725806452
01/05/2026;CT-018;EX09;540;744;0,725806452
01/05/2026;CT-020;EX11;540;744;0,725806452
01/05/2026;CT-018;EX10;552;744;0,741935484
01/05/2026;CT-020;EX19;552;744;0,741935484
01/05/2026;CT-020;EX22;552;744;0,741935484
01/05/2026;CT-026;EA05;552;744;0,741935484
01/05/2026;CT-027;EA06;552;744;0,741935484
01/05/2026;CT-033;EX16;552;744;0,741935484
01/05/2026;CT-018;EX02;552,9;710;0,778732394
01/05/2026;CT-018;EX04;558;744;0,75
01/05/2026;CT-018;EX08;558;744;0,75
01/05/2026;CT-018;EX18;558;744;0,75
01/05/2026;CT-020;EX15;558;744;0,75
01/05/2026;CT-034;EX05;564;744;0,758064516
01/05/2026;CT-034;EX21;564;744;0,758064516
01/05/2026;CT-034;EX23;564;744;0,758064516
01/05/2026;CT-034;EX24;564;744;0,758064516
01/05/2026;CT-017;EX14;570;744;0,766129032
01/06/2026;CT-028;C-25;120,126;155;0,775006452
01/06/2026;CT-016;C-20;150,2;155;0,969032258
01/06/2026;CT-030;IA01;206,81;459,25;0,450321176
01/06/2026;CT-030;IA02;206,81;459,25;0,450321176
01/06/2026;CT-001;B9;240,4;310;0,775483871
01/06/2026;CT-010;C-07;245,98;325,5;0,755698925
01/06/2026;CT-001;B10;246,4;310;0,79483871
01/06/2026;CT-029;C-27;275,55;459,25;0,6
01/06/2026;CT-029;C-33;275,55;459,25;0,6
01/06/2026;CT-032;LMA01;275,55;459,25;0,6
01/06/2026;CT-032;LMA02;275,55;459,25;0,6
01/06/2026;CT-014;C-24;289,18;459,25;0,629678824
01/06/2026;CT-009;IL-31;294,27;395,25;0,744516129
01/06/2026;CT-010;C-09;311,7;459,25;0,678715297
01/06/2026;CT-010;C-11;311,7;459,25;0,678715297
01/06/2026;CT-010;IL-02;311,7;459,25;0,678715297
01/06/2026;CT-031;RBA01;312,29;459,25;0,68
01/06/2026;CT-031;RBA02;312,29;459,25;0,68
01/06/2026;CT-031;RBA03;312,29;459,25;0,68
01/06/2026;CT-020;EX20;319,2;336;0,95
01/06/2026;CT-013;C-17;338,17;459,25;0,736352749
01/06/2026;CT-013;C-18;338,17;459,25;0,736352749
01/06/2026;CT-009;IL-01;341,92;459,25;0,744518236
01/06/2026;CT-009;IL-04;341,92;459,25;0,744518236
01/06/2026;CT-009;IL-05;341,92;459,25;0,744518236
01/06/2026;CT-009;IL-26;341,92;459,25;0,744518236
01/06/2026;CT-009;IL-29;341,92;459,25;0,744518236
01/06/2026;CT-009;IL-32;341,92;459,25;0,744518236
01/06/2026;CT-010;C-28;347,06;459,25;0,755710397
01/06/2026;CT-010;C-30;347,06;459,25;0,755710397
01/06/2026;CT-015;C-12;365,43;598,75;0,610321503
01/06/2026;CT-020;EX07;388,8;432;0,9
01/06/2026;CT-007;I-04;395,25;395,25;1
01/06/2026;CT-020;EX15;401,76;432;0,93
01/06/2026;CT-004;B8;405,75;581,25;0,698064516
01/06/2026;CT-034;EX05;406,08;432;0,94
01/06/2026;CT-007;I-01;459,25;459,25;1
01/06/2026;CT-008;I-02;459,25;459,25;1
01/06/2026;CT-008;I-03;459,25;459,25;1
01/06/2026;CT-004;B12;479,7;697,5;0,687741935
01/06/2026;M.RECUPER-01;MOLINOSTARLINGER;522;522;1
01/06/2026;MOLINO;MOLINO;522;522;1
01/06/2026;MOLINO;MOLINOBIO;522;522;1
01/06/2026;MOLINO;MOLINONGR;522;522;1
01/06/2026;MOLINO;MOLINOSTALINGER;522;522;1
01/06/2026;CT-005;B16;540,9;697,5;0,775483871
01/06/2026;CT-020;EX17;549,12;624;0,88
01/06/2026;CT-003;B4;550,8;720;0,765
01/06/2026;CT-003;B2;558;720;0,775
01/06/2026;CT-006;B5;558;720;0,775
01/06/2026;CT-006;B15;558;720;0,775
01/06/2026;CT-018;EX02;570;600;0,95
01/06/2026;CT-035;B3;571,968;720;0,7944
01/06/2026;CT-035;B17;571,968;720;0,7944
01/06/2026;CT-003;B13;572,4;720;0,795
01/06/2026;CT-003;B14;572,4;720;0,795
01/06/2026;CT-003;B18;572,4;720;0,795
01/06/2026;CT-033;EX16;596,16;648;0,92
01/06/2026;CT-017;EX14;615,6;648;0,95
01/06/2026;CT-018;EX01;648;720;0,9
01/06/2026;CT-018;EX03;648;720;0,9
01/06/2026;CT-018;EX06;648;720;0,9
01/06/2026;CT-018;EX09;648;720;0,9
01/06/2026;CT-020;EX11;648;720;0,9
01/06/2026;CT-020;EX13;648;720;0,9
01/06/2026;CT-018;EX10;662,4;720;0,92
01/06/2026;CT-020;EX19;662,4;720;0,92
01/06/2026;CT-020;EX22;662,4;720;0,92
01/06/2026;CT-026;EA05;662,4;720;0,92
01/06/2026;CT-027;EA06;662,4;720;0,92
01/06/2026;CT-018;EX04;669,6;720;0,93
01/06/2026;CT-018;EX08;669,6;720;0,93
01/06/2026;CT-018;EX18;669,6;720;0,93
01/06/2026;CT-034;EX21;676,8;720;0,94
01/06/2026;CT-034;EX23;676,8;720;0,94
01/06/2026;CT-034;EX24;676,8;720;0,94
01/07/2026;CT-028;C-25;138,1449;178,25;0,775006452
01/07/2026;CT-016;C-20;172,73;178,25;0,969032258
01/07/2026;CT-030;IA01;219,87;488,25;0,450322581
01/07/2026;CT-030;IA02;219,87;488,25;0,450322581
01/07/2026;CT-001;B9;276,46;356,5;0,775483871
01/07/2026;CT-001;B10;283,36;356,5;0,79483871
01/07/2026;CT-029;C-27;320,85;534,75;0,6
01/07/2026;CT-029;C-33;320,85;534,75;0,6
01/07/2026;CT-032;LMA01;320,85;534,75;0,6
01/07/2026;CT-032;LMA02;320,85;534,75;0,6
01/07/2026;CT-014;C-24;336,72;534,75;0,629677419
01/07/2026;CT-010;C-09;362,94;534,75;0,678709677
01/07/2026;CT-010;C-11;362,94;534,75;0,678709677
01/07/2026;CT-010;IL-02;362,94;534,75;0,678709677
01/07/2026;CT-031;RBA01;363,63;534,75;0,68
01/07/2026;CT-031;RBA02;363,63;534,75;0,68
01/07/2026;CT-031;RBA03;363,63;534,75;0,68
01/07/2026;CT-015;C-12;383,13;627,75;0,610322581
01/07/2026;CT-013;C-17;393,76;534,75;0,736344086
01/07/2026;CT-013;C-18;393,76;534,75;0,736344086
01/07/2026;CT-009;IL-01;398,13;534,75;0,744516129
01/07/2026;CT-009;IL-04;398,13;534,75;0,744516129
01/07/2026;CT-009;IL-05;398,13;534,75;0,744516129
01/07/2026;CT-009;IL-26;398,13;534,75;0,744516129
01/07/2026;CT-009;IL-29;398,13;534,75;0,744516129
01/07/2026;CT-009;IL-31;398,13;534,75;0,744516129
01/07/2026;CT-009;IL-32;398,13;534,75;0,744516129
01/07/2026;CT-010;C-07;404,11;534,75;0,755698925
01/07/2026;CT-010;C-28;404,11;534,75;0,755698925
01/07/2026;CT-010;C-30;404,11;534,75;0,755698925
01/07/2026;CT-004;B12;415,74;604,5;0,687741935
01/07/2026;CT-020;EX11;453,6;504;0,9
01/07/2026;CT-004;B8;503,13;720,75;0,698064516
01/07/2026;CT-007;I-01;534,75;534,75;1
01/07/2026;CT-007;I-04;534,75;534,75;1
01/07/2026;CT-008;I-02;534,75;534,75;1
01/07/2026;CT-008;I-03;534,75;534,75;1
01/07/2026;M.RECUPER-01;MOLINOSTARLINGER;552;552;1
01/07/2026;MOLINO;MOLINO;552;552;1
01/07/2026;MOLINO;MOLINOBIO;552;552;1
01/07/2026;MOLINO;MOLINONGR;552;552;1
01/07/2026;MOLINO;MOLINOSTALINGER;552;552;1
01/07/2026;CT-035;B17;552,9024;696;0,7944
01/07/2026;CT-003;B18;553,32;696;0,795
01/07/2026;CT-005;B16;558,93;720,75;0,775483871
01/07/2026;CT-003;B4;569,16;744;0,765
01/07/2026;CT-003;B2;576,6;744;0,775
01/07/2026;CT-006;B5;576,6;744;0,775
01/07/2026;CT-006;B15;576,6;744;0,775
01/07/2026;CT-035;B3;591,0336;744;0,7944
01/07/2026;CT-003;B13;591,48;744;0,795
01/07/2026;CT-003;B14;591,48;744;0,795
01/07/2026;CT-020;EX17;654,72;744;0,88
01/07/2026;CT-018;EX01;669,6;744;0,9
01/07/2026;CT-018;EX03;669,6;744;0,9
01/07/2026;CT-018;EX06;669,6;744;0,9
01/07/2026;CT-018;EX09;669,6;744;0,9
01/07/2026;CT-020;EX07;669,6;744;0,9
01/07/2026;CT-020;EX13;669,6;744;0,9
01/07/2026;CT-034;EX24;676,8;720;0,94
01/07/2026;CT-020;EX20;684;720;0,95
01/07/2026;CT-018;EX10;684,48;744;0,92
01/07/2026;CT-020;EX19;684,48;744;0,92
01/07/2026;CT-020;EX22;684,48;744;0,92
01/07/2026;CT-026;EA05;684,48;744;0,92
01/07/2026;CT-027;EA06;684,48;744;0,92
01/07/2026;CT-033;EX16;684,48;744;0,92
01/07/2026;CT-018;EX04;691,92;744;0,93
01/07/2026;CT-018;EX08;691,92;744;0,93
01/07/2026;CT-018;EX18;691,92;744;0,93
01/07/2026;CT-020;EX15;691,92;744;0,93
01/07/2026;CT-034;EX05;699,36;744;0,94
01/07/2026;CT-034;EX21;699,36;744;0,94
01/07/2026;CT-034;EX23;699,36;744;0,94
01/07/2026;CT-017;EX14;706,8;744;0,95
01/07/2026;CT-018;EX02;706,8;744;0,95
01/08/2026;CT-028;C-25;66,0693;85,25;0,775006452
01/08/2026;CT-016;C-20;82,61;85,25;0,969032258
01/08/2026;CT-030;IA01;115,17;255,75;0,450322581
01/08/2026;CT-030;IA02;115,17;255,75;0,450322581
01/08/2026;CT-001;B9;132,22;170,5;0,775483871
01/08/2026;CT-001;B10;135,52;170,5;0,79483871
01/08/2026;CT-029;C-27;153,45;255,75;0,6
01/08/2026;CT-029;C-33;153,45;255,75;0,6
01/08/2026;CT-032;LMA01;153,45;255,75;0,6
01/08/2026;CT-032;LMA02;153,45;255,75;0,6
01/08/2026;CT-014;C-24;161,04;255,75;0,629677419
01/08/2026;CT-010;C-09;173,58;255,75;0,678709677
01/08/2026;CT-010;C-11;173,58;255,75;0,678709677
01/08/2026;CT-010;IL-02;173,58;255,75;0,678709677
01/08/2026;CT-031;RBA01;173,91;255,75;0,68
01/08/2026;CT-031;RBA02;173,91;255,75;0,68
01/08/2026;CT-031;RBA03;173,91;255,75;0,68
01/08/2026;CT-013;C-17;188,32;255,75;0,736344086
01/08/2026;CT-013;C-18;188,32;255,75;0,736344086
01/08/2026;CT-009;IL-01;190,41;255,75;0,744516129
01/08/2026;CT-009;IL-04;190,41;255,75;0,744516129
01/08/2026;CT-009;IL-05;190,41;255,75;0,744516129
01/08/2026;CT-009;IL-26;190,41;255,75;0,744516129
01/08/2026;CT-009;IL-29;190,41;255,75;0,744516129
01/08/2026;CT-009;IL-31;190,41;255,75;0,744516129
01/08/2026;CT-009;IL-32;190,41;255,75;0,744516129
01/08/2026;CT-010;C-07;193,27;255,75;0,755698925
01/08/2026;CT-010;C-28;193,27;255,75;0,755698925
01/08/2026;CT-010;C-30;193,27;255,75;0,755698925
01/08/2026;CT-007;I-01;255,75;255,75;1
01/08/2026;CT-007;I-04;255,75;255,75;1
01/08/2026;CT-008;I-02;255,75;255,75;1
01/08/2026;CT-008;I-03;255,75;255,75;1
01/08/2026;CT-015;C-12;368,94;604,5;0,610322581
01/08/2026;CT-004;B12;495,69;720,75;0,687741935
01/08/2026;CT-004;B8;503,13;720,75;0,698064516
01/08/2026;M.RECUPER-01;MOLINOSTARLINGER;504;504;1
01/08/2026;MOLINO;MOLINO;504;504;1
01/08/2026;MOLINO;MOLINOBIO;504;504;1
01/08/2026;MOLINO;MOLINONGR;504;504;1
01/08/2026;MOLINO;MOLINOSTALINGER;504;504;1
01/08/2026;CT-003;B4;532,44;696;0,765
01/08/2026;CT-035;B3;552,9024;696;0,7944
01/08/2026;CT-005;B16;558,93;720,75;0,775483871
01/08/2026;CT-003;B2;576,6;744;0,775
01/08/2026;CT-006;B5;576,6;744;0,775
01/08/2026;CT-006;B15;576,6;744;0,775
01/08/2026;CT-035;B17;591,0336;744;0,7944
01/08/2026;CT-003;B13;591,48;744;0,795
01/08/2026;CT-003;B14;591,48;744;0,795
01/08/2026;CT-003;B18;591,48;744;0,795
01/08/2026;CT-018;EX08;624,96;672;0,93
01/08/2026;CT-020;EX19;640,32;696;0,92
01/08/2026;CT-020;EX17;654,72;744;0,88
01/08/2026;CT-018;EX01;669,6;744;0,9
01/08/2026;CT-018;EX03;669,6;744;0,9
01/08/2026;CT-018;EX06;669,6;744;0,9
01/08/2026;CT-018;EX09;669,6;744;0,9
01/08/2026;CT-020;EX07;669,6;744;0,9
01/08/2026;CT-020;EX11;669,6;744;0,9
01/08/2026;CT-020;EX13;669,6;744;0,9
01/08/2026;CT-018;EX10;684,48;744;0,92
01/08/2026;CT-020;EX22;684,48;744;0,92
01/08/2026;CT-026;EA05;684,48;744;0,92
01/08/2026;CT-027;EA06;684,48;744;0,92
01/08/2026;CT-033;EX16;684,48;744;0,92
01/08/2026;CT-018;EX04;691,92;744;0,93
01/08/2026;CT-018;EX18;691,92;744;0,93
01/08/2026;CT-020;EX15;691,92;744;0,93
01/08/2026;CT-034;EX05;699,36;744;0,94
01/08/2026;CT-034;EX21;699,36;744;0,94
01/08/2026;CT-034;EX23;699,36;744;0,94
01/08/2026;CT-034;EX24;699,36;744;0,94
01/08/2026;CT-017;EX14;706,8;744;0,95
01/08/2026;CT-018;EX02;706,8;744;0,95
01/08/2026;CT-020;EX20;706,8;744;0,95
01/09/2026;CT-028;C-25;120,126;155;0,775006452
01/09/2026;CT-016;C-20;150,2;155;0,969032258
01/09/2026;CT-013;C-17;205,44;279;0,736344086
01/09/2026;CT-030;IA01;209,4;465;0,450322581
01/09/2026;CT-030;IA02;209,4;465;0,450322581
01/09/2026;CT-032;LMA01;237,15;395,25;0,6
01/09/2026;CT-001;B9;240,4;310;0,775483871
01/09/2026;CT-001;B10;246,4;310;0,79483871
01/09/2026;CT-029;C-27;279;465;0,6
01/09/2026;CT-029;C-33;279;465;0,6
01/09/2026;CT-032;LMA02;279;465;0,6
01/09/2026;CT-014;C-24;292,8;465;0,629677419
01/09/2026;CT-015;C-12;297,99;488,25;0,610322581
01/09/2026;CT-010;C-09;315,6;465;0,678709677
01/09/2026;CT-010;C-11;315,6;465;0,678709677
01/09/2026;CT-010;IL-02;315,6;465;0,678709677
01/09/2026;CT-031;RBA01;316,2;465;0,68
01/09/2026;CT-031;RBA02;316,2;465;0,68
01/09/2026;CT-031;RBA03;316,2;465;0,68
01/09/2026;CT-013;C-18;342,4;465;0,736344086
01/09/2026;CT-009;IL-01;346,2;465;0,744516129
01/09/2026;CT-009;IL-04;346,2;465;0,744516129
01/09/2026;CT-009;IL-05;346,2;465;0,744516129
01/09/2026;CT-009;IL-26;346,2;465;0,744516129
01/09/2026;CT-009;IL-29;346,2;465;0,744516129
01/09/2026;CT-009;IL-31;346,2;465;0,744516129
01/09/2026;CT-009;IL-32;346,2;465;0,744516129
01/09/2026;CT-010;C-07;351,4;465;0,755698925
01/09/2026;CT-010;C-30;351,4;465;0,755698925
01/09/2026;CT-010;C-28;365;483;0,755693582
01/09/2026;CT-020;EX22;441,6;480;0,92
01/09/2026;CT-007;I-01;465;465;1
01/09/2026;CT-007;I-04;465;465;1
01/09/2026;CT-008;I-02;465;465;1
01/09/2026;CT-008;I-03;465;465;1
01/09/2026;CT-004;B12;479,7;697,5;0,687741935
01/09/2026;CT-004;B8;486,9;697,5;0,698064516
01/09/2026;CT-006;B15;520,8;672;0,775
01/09/2026;M.RECUPER-01;MOLINOSTARLINGER;528;528;1
01/09/2026;MOLINO;MOLINO;528;528;1
01/09/2026;MOLINO;MOLINOBIO;528;528;1
01/09/2026;MOLINO;MOLINONGR;528;528;1
01/09/2026;MOLINO;MOLINOSTALINGER;528;528;1
01/09/2026;CT-026;EA05;529,92;576;0,92
01/09/2026;CT-005;B16;540,9;697,5;0,775483871
01/09/2026;CT-003;B4;550,8;720;0,765
01/09/2026;CT-018;EX10;552;600;0,92
01/09/2026;CT-003;B2;558;720;0,775
01/09/2026;CT-006;B5;558;720;0,775
01/09/2026;CT-035;B3;571,968;720;0,7944
01/09/2026;CT-035;B17;571,968;720;0,7944
01/09/2026;CT-003;B13;572,4;720;0,795
01/09/2026;CT-003;B14;572,4;720;0,795
01/09/2026;CT-003;B18;572,4;720;0,795
01/09/2026;CT-020;EX13;583,2;648;0,9
01/09/2026;CT-020;EX17;591,36;672;0,88
01/09/2026;CT-018;EX09;604,8;672;0,9
01/09/2026;CT-018;EX01;648;720;0,9
01/09/2026;CT-018;EX03;648;720;0,9
01/09/2026;CT-018;EX06;648;720;0,9
01/09/2026;CT-020;EX07;648;720;0,9
01/09/2026;CT-020;EX11;648;720;0,9
01/09/2026;CT-020;EX19;662,4;720;0,92
01/09/2026;CT-027;EA06;662,4;720;0,92
01/09/2026;CT-033;EX16;662,4;720;0,92
01/09/2026;CT-018;EX04;669,6;720;0,93
01/09/2026;CT-018;EX08;669,6;720;0,93
01/09/2026;CT-018;EX18;669,6;720;0,93
01/09/2026;CT-020;EX15;669,6;720;0,93
01/09/2026;CT-034;EX05;676,8;720;0,94
01/09/2026;CT-034;EX21;676,8;720;0,94
01/09/2026;CT-034;EX23;676,8;720;0,94
01/09/2026;CT-034;EX24;676,8;720;0,94
01/09/2026;CT-017;EX14;684;720;0,95
01/09/2026;CT-018;EX02;684;720;0,95
01/09/2026;CT-020;EX20;684;720;0,95
01/10/2026;CT-028;C-25;126,1323;162,75;0,775006452
01/10/2026;CT-016;C-20;157,71;162,75;0,969032258
01/10/2026;CT-030;IA01;222,46;494;0,450323887
01/10/2026;CT-030;IA02;222,46;494;0,450323887
01/10/2026;CT-010;C-28;245,98;325,5;0,755698925
01/10/2026;CT-001;B9;252,42;325,5;0,775483871
01/10/2026;CT-001;B10;258,72;325,5;0,79483871
01/10/2026;CT-032;LMA02;265,05;441,75;0,6
01/10/2026;CT-029;C-27;296,4;494;0,6
01/10/2026;CT-029;C-33;296,4;494;0,6
01/10/2026;CT-032;LMA01;296,4;494;0,6
01/10/2026;CT-014;C-24;311,06;494;0,629676113
01/10/2026;CT-010;C-09;335,28;494;0,678704453
01/10/2026;CT-010;C-11;335,28;494;0,678704453
01/10/2026;CT-010;IL-02;335,28;494;0,678704453
01/10/2026;CT-031;RBA01;335,92;494;0,68
01/10/2026;CT-031;RBA02;335,92;494;0,68
01/10/2026;CT-031;RBA03;335,92;494;0,68
01/10/2026;CT-013;C-17;363,75;494;0,736336032
01/10/2026;CT-013;C-18;363,75;494;0,736336032
01/10/2026;CT-009;IL-01;367,79;494;0,74451417
01/10/2026;CT-009;IL-04;367,79;494;0,74451417
01/10/2026;CT-009;IL-05;367,79;494;0,74451417
01/10/2026;CT-009;IL-26;367,79;494;0,74451417
01/10/2026;CT-009;IL-29;367,79;494;0,74451417
01/10/2026;CT-009;IL-31;367,79;494;0,74451417
01/10/2026;CT-009;IL-32;367,79;494;0,74451417
01/10/2026;CT-010;C-07;373,31;494;0,755688259
01/10/2026;CT-010;C-30;373,31;494;0,755688259
01/10/2026;CT-015;C-12;383,13;627,75;0,610322581
01/10/2026;CT-007;I-01;494;494;1
01/10/2026;CT-007;I-04;494;494;1
01/10/2026;CT-008;I-02;494;494;1
01/10/2026;CT-008;I-03;494;494;1
01/10/2026;CT-004;B12;495,69;720,75;0,687741935
01/10/2026;CT-004;B8;503,13;720,75;0,698064516
01/10/2026;CT-018;EX04;513,36;552;0,93
01/10/2026;M.RECUPER-01;MOLINOSTARLINGER;534;534;1
01/10/2026;MOLINO;MOLINO;534;534;1
01/10/2026;MOLINO;MOLINOBIO;534;534;1
01/10/2026;MOLINO;MOLINONGR;534;534;1
01/10/2026;MOLINO;MOLINOSTALINGER;534;534;1
01/10/2026;CT-003;B14;553,32;696;0,795
01/10/2026;CT-005;B16;558,93;720,75;0,775483871
01/10/2026;CT-003;B4;569,16;744;0,765
01/10/2026;CT-003;B2;576,6;744;0,775
01/10/2026;CT-006;B5;576,6;744;0,775
01/10/2026;CT-006;B15;576,6;744;0,775
01/10/2026;CT-035;B3;591,0336;744;0,7944
01/10/2026;CT-035;B17;591,0336;744;0,7944
01/10/2026;CT-003;B13;591,48;744;0,795
01/10/2026;CT-003;B18;591,48;744;0,795
01/10/2026;CT-020;EX20;592,8;624;0,95
01/10/2026;CT-018;EX06;626,4;696;0,9
01/10/2026;CT-018;EX18;647,28;696;0,93
01/10/2026;CT-034;EX05;654,24;696;0,94
01/10/2026;CT-020;EX17;654,72;744;0,88
01/10/2026;CT-018;EX01;669,6;744;0,9
01/10/2026;CT-018;EX03;669,6;744;0,9
01/10/2026;CT-018;EX09;669,6;744;0,9
01/10/2026;CT-020;EX07;669,6;744;0,9
01/10/2026;CT-020;EX11;669,6;744;0,9
01/10/2026;CT-020;EX13;669,6;744;0,9
01/10/2026;CT-018;EX10;684,48;744;0,92
01/10/2026;CT-020;EX19;684,48;744;0,92
01/10/2026;CT-020;EX22;684,48;744;0,92
01/10/2026;CT-026;EA05;684,48;744;0,92
01/10/2026;CT-027;EA06;684,48;744;0,92
01/10/2026;CT-033;EX16;684,48;744;0,92
01/10/2026;CT-018;EX08;691,92;744;0,93
01/10/2026;CT-020;EX15;691,92;744;0,93
01/10/2026;CT-034;EX21;699,36;744;0,94
01/10/2026;CT-034;EX23;699,36;744;0,94
01/10/2026;CT-034;EX24;699,36;744;0,94
01/10/2026;CT-017;EX14;706,8;744;0,95
01/10/2026;CT-018;EX02;706,8;744;0,95
01/11/2026;CT-028;C-25;126,1323;162,75;0,775006452
01/11/2026;CT-016;C-20;157,71;162,75;0,969032258
01/11/2026;CT-030;IA01;209,4;465;0,450322581
01/11/2026;CT-030;IA02;209,4;465;0,450322581
01/11/2026;CT-001;B9;252,42;325,5;0,775483871
01/11/2026;CT-001;B10;258,72;325,5;0,79483871
01/11/2026;CT-029;C-27;289,5;482,5;0,6
01/11/2026;CT-029;C-33;289,5;482,5;0,6
01/11/2026;CT-032;LMA01;289,5;482,5;0,6
01/11/2026;CT-032;LMA02;289,5;482,5;0,6
01/11/2026;CT-014;C-24;303,82;482,5;0,629678756
01/11/2026;CT-031;RBA03;316,2;465;0,68
01/11/2026;CT-010;C-09;327,48;482,5;0,678715026
01/11/2026;CT-010;C-11;327,48;482,5;0,678715026
01/11/2026;CT-010;IL-02;327,48;482,5;0,678715026
01/11/2026;CT-031;RBA01;328,1;482,5;0,68
01/11/2026;CT-031;RBA02;328,1;482,5;0,68
01/11/2026;CT-015;C-12;354,75;581,25;0,610322581
01/11/2026;CT-013;C-17;355,29;482,5;0,736352332
01/11/2026;CT-013;C-18;355,29;482,5;0,736352332
01/11/2026;CT-009;IL-01;359,23;482,5;0,744518135
01/11/2026;CT-009;IL-04;359,23;482,5;0,744518135
01/11/2026;CT-009;IL-05;359,23;482,5;0,744518135
01/11/2026;CT-009;IL-26;359,23;482,5;0,744518135
01/11/2026;CT-009;IL-29;359,23;482,5;0,744518135
01/11/2026;CT-009;IL-31;359,23;482,5;0,744518135
01/11/2026;CT-009;IL-32;359,23;482,5;0,744518135
01/11/2026;CT-010;C-07;364,63;482,5;0,755709845
01/11/2026;CT-010;C-28;364,63;482,5;0,755709845
01/11/2026;CT-010;C-30;364,63;482,5;0,755709845
01/11/2026;CT-004;B12;479,7;697,5;0,687741935
01/11/2026;CT-007;I-01;482,5;482,5;1
01/11/2026;CT-007;I-04;482,5;482,5;1
01/11/2026;CT-008;I-02;482,5;482,5;1
01/11/2026;CT-008;I-03;482,5;482,5;1
01/11/2026;CT-004;B8;486,9;697,5;0,698064516
01/11/2026;M.RECUPER-01;MOLINOSTARLINGER;498;498;1
01/11/2026;MOLINO;MOLINO;498;498;1
01/11/2026;MOLINO;MOLINOBIO;498;498;1
01/11/2026;MOLINO;MOLINONGR;498;498;1
01/11/2026;MOLINO;MOLINOSTALINGER;498;498;1
01/11/2026;CT-005;B16;540,9;697,5;0,775483871
01/11/2026;CT-003;B4;550,8;720;0,765
01/11/2026;CT-003;B2;558;720;0,775
01/11/2026;CT-006;B5;558;720;0,775
01/11/2026;CT-006;B15;558;720;0,775
01/11/2026;CT-035;B3;571,968;720;0,7944
01/11/2026;CT-035;B17;571,968;720;0,7944
01/11/2026;CT-003;B13;572,4;720;0,795
01/11/2026;CT-003;B14;572,4;720;0,795
01/11/2026;CT-003;B18;572,4;720;0,795
01/11/2026;CT-034;EX23;609,12;648;0,94
01/11/2026;CT-020;EX15;624,96;672;0,93
01/11/2026;CT-020;EX17;633,6;720;0,88
01/11/2026;CT-018;EX01;648;720;0,9
01/11/2026;CT-018;EX03;648;720;0,9
01/11/2026;CT-018;EX06;648;720;0,9
01/11/2026;CT-018;EX09;648;720;0,9
01/11/2026;CT-020;EX07;648;720;0,9
01/11/2026;CT-020;EX11;648;720;0,9
01/11/2026;CT-020;EX13;648;720;0,9
01/11/2026;CT-018;EX10;662,4;720;0,92
01/11/2026;CT-020;EX19;662,4;720;0,92
01/11/2026;CT-020;EX22;662,4;720;0,92
01/11/2026;CT-026;EA05;662,4;720;0,92
01/11/2026;CT-027;EA06;662,4;720;0,92
01/11/2026;CT-033;EX16;662,4;720;0,92
01/11/2026;CT-018;EX04;669,6;720;0,93
01/11/2026;CT-018;EX08;669,6;720;0,93
01/11/2026;CT-018;EX18;669,6;720;0,93
01/11/2026;CT-034;EX05;676,8;720;0,94
01/11/2026;CT-034;EX21;676,8;720;0,94
01/11/2026;CT-034;EX24;676,8;720;0,94
01/11/2026;CT-017;EX14;684;720;0,95
01/11/2026;CT-018;EX02;684;720;0,95
01/11/2026;CT-020;EX20;684;720;0,95
01/12/2026;CT-028;C-25;96,1008;124;0,775006452
01/12/2026;CT-016;C-20;120,16;124;0,969032258
01/12/2026;CT-029;C-33;158,1;263,5;0,6
01/12/2026;CT-030;IA01;163,13;362,25;0,450324362
01/12/2026;CT-030;IA02;163,13;362,25;0,450324362
01/12/2026;CT-001;B9;186,31;240,25;0,775483871
01/12/2026;CT-001;B10;190,96;240,25;0,79483871
01/12/2026;CT-029;C-27;217,35;362,25;0,6
01/12/2026;CT-032;LMA01;217,35;362,25;0,6
01/12/2026;CT-032;LMA02;217,35;362,25;0,6
01/12/2026;CT-014;C-24;228,1;362,25;0,629675638
01/12/2026;CT-010;C-09;245,86;362,25;0,678702553
01/12/2026;CT-010;C-11;245,86;362,25;0,678702553
01/12/2026;CT-010;IL-02;245,86;362,25;0,678702553
01/12/2026;CT-031;RBA01;246,33;362,25;0,68
01/12/2026;CT-031;RBA02;246,33;362,25;0,68
01/12/2026;CT-031;RBA03;246,33;362,25;0,68
01/12/2026;CT-013;C-17;266,74;362,25;0,736342305
01/12/2026;CT-013;C-18;266,74;362,25;0,736342305
01/12/2026;CT-009;IL-01;269,7;362,25;0,744513458
01/12/2026;CT-009;IL-04;269,7;362,25;0,744513458
01/12/2026;CT-009;IL-05;269,7;362,25;0,744513458
01/12/2026;CT-009;IL-26;269,7;362,25;0,744513458
01/12/2026;CT-009;IL-29;269,7;362,25;0,744513458
01/12/2026;CT-009;IL-31;269,7;362,25;0,744513458
01/12/2026;CT-009;IL-32;269,7;362,25;0,744513458
01/12/2026;CT-010;C-07;273,75;362,25;0,755693582
01/12/2026;CT-010;C-28;273,75;362,25;0,755693582
01/12/2026;CT-010;C-30;273,75;362,25;0,755693582
01/12/2026;CT-015;C-12;292,04;478,5;0,610323929
01/12/2026;CT-007;I-01;362,25;362,25;1
01/12/2026;CT-007;I-04;362,25;362,25;1
01/12/2026;CT-008;I-02;362,25;362,25;1
01/12/2026;CT-008;I-03;362,25;362,25;1
01/12/2026;CT-004;B12;377,13;548,41;0,687678926
01/12/2026;CT-004;B8;382,79;548,41;0,697999672
01/12/2026;CT-005;B16;425,32;548,41;0,775551139
01/12/2026;CT-003;B4;433,15;566,16;0,765066412
01/12/2026;CT-003;B2;438,81;566,16;0,775063586
01/12/2026;CT-006;B5;438,81;566,16;0,775063586
01/12/2026;CT-006;B15;438,81;566,16;0,775063586
01/12/2026;CT-035;B3;449,73632;566,13336;0,794399963
01/12/2026;CT-035;B17;449,73632;566,13336;0,794399963
01/12/2026;CT-003;B13;450,13;566,16;0,795057934
01/12/2026;CT-003;B14;450,13;566,16;0,795057934
01/12/2026;CT-003;B18;450,13;566,16;0,795057934
01/12/2026;CT-034;EX24;464,52;494,16;0,940019427
01/12/2026;CT-033;EX16;476,72;518,16;0,920024703
01/12/2026;CT-017;EX14;492,26;518,16;0,950015439
01/12/2026;CT-020;EX17;498,24;566,16;0,880033913
01/12/2026;CT-018;EX01;509,56;566,16;0,900028261
01/12/2026;CT-018;EX03;509,56;566,16;0,900028261
01/12/2026;CT-018;EX06;509,56;566,16;0,900028261
01/12/2026;CT-018;EX09;509,56;566,16;0,900028261
01/12/2026;CT-020;EX07;509,56;566,16;0,900028261
01/12/2026;CT-020;EX11;509,56;566,16;0,900028261
01/12/2026;CT-020;EX13;509,56;566,16;0,900028261
01/12/2026;CT-026;EA05;515,36;560,16;0,920022851
01/12/2026;CT-018;EX10;520,88;566,16;0,920022608
01/12/2026;CT-020;EX19;520,88;566,16;0,920022608
01/12/2026;CT-020;EX22;520,88;566,16;0,920022608
01/12/2026;CT-027;EA06;520,88;566,16;0,920022608
01/12/2026;CT-018;EX04;526,54;566,16;0,930019782
01/12/2026;CT-018;EX08;526,54;566,16;0,930019782
01/12/2026;CT-018;EX18;526,54;566,16;0,930019782
01/12/2026;CT-020;EX15;526,54;566,16;0,930019782
01/12/2026;CT-034;EX05;532,2;566,16;0,940016956
01/12/2026;CT-034;EX21;532,2;566,16;0,940016956
01/12/2026;CT-034;EX23;532,2;566,16;0,940016956
01/12/2026;CT-018;EX02;537,86;566,16;0,95001413
01/12/2026;CT-020;EX20;537,86;566,16;0,95001413
01/12/2026;M.RECUPER-01;MOLINOSTARLINGER;552;552;1
01/12/2026;MOLINO;MOLINO;552;552;1
01/12/2026;MOLINO;MOLINOBIO;552;552;1
01/12/2026;MOLINO;MOLINONGR;552;552;1
01/12/2026;MOLINO;MOLINOSTALINGER;552;552;1
01/01/2027;CT-009;IL-01;367,79;494;0,74451417
01/01/2027;CT-009;IL-04;367,79;494;0,74451417
01/01/2027;CT-009;IL-05;367,79;494;0,74451417
01/01/2027;CT-009;IL-26;367,79;494;0,74451417
01/01/2027;CT-009;IL-29;367,79;494;0,74451417
01/01/2027;CT-009;IL-31;367,79;494;0,74451417
01/01/2027;CT-009;IL-32;367,79;494;0,74451417
01/01/2027;MOLINO;MOLINO;510;510;1
01/01/2027;MOLINO;MOLINOBIO;510;510;1
01/01/2027;MOLINO;MOLINONGR;510;510;1
01/01/2027;CT-035;B3;591,0336;744;0,7944
01/01/2027;CT-035;B17;591,0336;744;0,7944
01/02/2027;CT-009;IL-04;259,65;348,75;0,744516129
01/02/2027;CT-009;IL-01;346,2;465;0,744516129
01/02/2027;CT-009;IL-26;346,2;465;0,744516129
01/02/2027;CT-009;IL-29;346,2;465;0,744516129
01/02/2027;CT-009;IL-31;346,2;465;0,744516129
01/02/2027;CT-009;IL-32;346,2;465;0,744516129
01/02/2027;MOLINO;MOLINO;480;480;1
01/02/2027;MOLINO;MOLINOBIO;480;480;1
01/02/2027;MOLINO;MOLINONGR;480;480;1
01/03/2027;CT-009;IL-31;134,2;180,25;0,744521498
01/03/2027;CT-009;IL-26;376,54;505,75;0,744518043
01/03/2027;CT-009;IL-29;376,54;505,75;0,744518043
01/03/2027;CT-009;IL-01;393,85;529;0,744517958
01/03/2027;CT-009;IL-32;393,85;529;0,744517958
01/03/2027;MOLINO;MOLINO;546;546;1
01/03/2027;MOLINO;MOLINOBIO;546;546;1
01/03/2027;MOLINO;MOLINONGR;546;546;1
01/04/2027;CT-009;IL-01;380,82;511,5;0,744516129
01/04/2027;CT-009;IL-32;380,82;511,5;0,744516129
01/04/2027;MOLINO;MOLINO;528;528;1
01/04/2027;MOLINO;MOLINOBIO;528;528;1
01/04/2027;MOLINO;MOLINONGR;528;528;1
01/05/2027;CT-009;IL-01;363,51;488,25;0,744516129
01/05/2027;CT-009;IL-32;363,51;488,25;0,744516129
01/05/2027;MOLINO;MOLINO;504;504;1
01/05/2027;MOLINO;MOLINOBIO;504;504;1
01/05/2027;MOLINO;MOLINONGR;504;504;1
01/06/2027;CT-009;IL-01;380,82;511,5;0,744516129
01/06/2027;CT-009;IL-32;380,82;511,5;0,744516129
01/06/2027;MOLINO;MOLINO;528;528;1
01/06/2027;MOLINO;MOLINOBIO;528;528;1
01/06/2027;MOLINO;MOLINONGR;528;528;1
01/07/2027;CT-009;IL-01;385,1;517,25;0,744514258
01/07/2027;CT-009;IL-32;385,1;517,25;0,744514258
01/07/2027;MOLINO;MOLINO;534;534;1
01/07/2027;MOLINO;MOLINOBIO;534;534;1
01/07/2027;MOLINO;MOLINONGR;534;534;1
01/08/2027;CT-009;IL-01;376,54;505,75;0,744518043
01/08/2027;CT-009;IL-32;376,54;505,75;0,744518043
01/08/2027;MOLINO;MOLINO;522;522;1
01/08/2027;MOLINO;MOLINOBIO;522;522;1
01/08/2027;MOLINO;MOLINONGR;522;522;1
01/09/2027;CT-009;IL-01;380,82;511,5;0,744516129
01/09/2027;CT-009;IL-32;380,82;511,5;0,744516129
01/09/2027;MOLINO;MOLINO;528;528;1
01/09/2027;MOLINO;MOLINOBIO;528;528;1
01/09/2027;MOLINO;MOLINONGR;528;528;1
01/10/2027;CT-009;IL-01;367,79;494;0,74451417
01/10/2027;CT-009;IL-32;367,79;494;0,74451417
01/10/2027;MOLINO;MOLINO;510;510;1
01/10/2027;MOLINO;MOLINOBIO;510;510;1
01/10/2027;MOLINO;MOLINONGR;510;510;1
01/11/2027;CT-009;IL-01;376,54;505,75;0,744518043
01/11/2027;CT-009;IL-32;376,54;505,75;0,744518043
01/11/2027;MOLINO;MOLINO;522;522;1
01/11/2027;MOLINO;MOLINOBIO;522;522;1
01/11/2027;MOLINO;MOLINONGR;522;522;1
01/12/2027;CT-009;IL-01;398,13;534,75;0,744516129
01/12/2027;CT-009;IL-32;398,13;534,75;0,744516129
01/12/2027;MOLINO;MOLINO;552;552;1
01/12/2027;MOLINO;MOLINOBIO;552;552;1
01/12/2027;MOLINO;MOLINONGR;552;552;1
