MES,REFERENCIA,CANTIDAD
2026-04-01,2000109,3168
2026-04-01,2000979,725
2026-04-01,2000981,1603
2026-04-01,2001003,12470
2026-04-01,2001121,22113
2026-04-01,2001231,1609
2026-04-01,2001577,18574
2026-04-01,2001604,5748
2026-04-01,2001606,1473
2026-04-01,2001614,12078
2026-04-01,2001619,3680
2026-04-01,2002020,56133
2026-04-01,2002442,9306
2026-04-01,2002496,1650
2026-04-01,2002556,1969
2026-04-01,2002599,1347
2026-04-01,2002859,38
2026-04-01,2003163,370
2026-04-01,2003554,9832
2026-04-01,2004225,1802
2026-04-01,2004894,5046
2026-04-01,2005591,4284
2026-04-01,2005669,406
2026-04-01,2005943,3525
2026-04-01,2006222,973
2026-04-01,2006655,4396
2026-04-01,2009442,1296
2026-04-01,2009486,1732
2026-04-01,2009517,247
2026-04-01,2009518,247
2026-04-01,2009532,3877
2026-04-01,2009680,850
2026-04-01,2009841,295
2026-04-01,2009880,50000
2026-04-01,2009951,996
2026-04-01,2010131,188
2026-04-01,2010169,393
2026-04-01,2010253,392
2026-04-01,2010277,1870
2026-04-01,2010360,247
2026-04-01,2010361,247
2026-04-01,2010374,558
2026-04-01,2010460,746
2026-04-01,2010461,746
2026-04-01,2010886,8020
2026-04-01,2010995,2397
2026-04-01,2011103,2973
2026-04-01,2011275,14430
2026-04-01,2011276,8789
2026-04-01,2011799,15508
2026-04-01,2011822,7953
2026-04-01,2011849,63640
2026-04-01,2012035,6481
2026-04-01,2012141,135
2026-04-01,2012142,5981
2026-04-01,2012154,7932
2026-04-01,2012208,30492
2026-04-01,2012466,3224
2026-04-01,2012488,10
2026-04-01,2012489,6
2026-04-01,2012496,24924
2026-04-01,2012497,6248
2026-04-01,2012499,61208
2026-04-01,2012500,26463
2026-04-01,2012559,4356
2026-04-01,2012563,3300
2026-04-01,2012623,4738
2026-04-01,2012687,975
2026-04-01,2012750,6317
2026-04-01,2012754,580
2026-04-01,2012841,891
2026-04-01,2012964,9388
2026-04-01,2013169,27266
2026-04-01,2013176,640
2026-04-01,2013177,1254
2026-04-01,2013205,17668
2026-04-01,2013348,2008
2026-04-01,2013349,6826
2026-04-01,2013426,1751
2026-04-01,2013441,4364
2026-04-01,2013442,738
2026-04-01,2013448,6738
2026-04-01,2013451,8730
2026-04-01,2013453,5728
2026-04-01,2013627,207
2026-04-01,2013640,14085
2026-04-01,2013730,2917
2026-04-01,2013974,840000
2026-04-01,2013986,1230
2026-04-01,2013987,2368
2026-04-01,2013997,760724
2026-04-01,2013998,362250
2026-04-01,2014029,886548
2026-04-01,2014110,2144
2026-04-01,2014198,209952
2026-04-01,2014236,3149
2026-04-01,2014247,347
2026-04-01,2014302,6650
2026-04-01,2014307,4470
2026-04-01,2014629,31708
2026-04-01,2014699,27383
2026-04-01,2014765,10200
2026-04-01,2014766,9720
2026-04-01,2014832,30600
2026-04-01,2014833,29160
2026-04-01,2014862,1536
2026-04-01,2014984,13872
2026-04-01,2014985,13200
2026-04-01,2015061,13872
2026-04-01,2015062,13140
2026-04-01,2015094,7639
2026-04-01,2015096,377
2026-04-01,2015097,162
2026-04-01,2015100,13392
2026-04-01,2015101,12750
2026-04-01,2015166,1948
2026-04-01,2015537,738
2026-04-01,2015606,1037
2026-04-01,2015670,9996
2026-04-01,2015671,9600
2026-04-01,2015808,7877
2026-04-01,2015995,2965
2026-04-01,2016024,3834
2026-04-01,2016152,3856
2026-04-01,2016156,8844
2026-04-01,2016158,22506
2026-04-01,2016184,22338
2026-04-01,2016188,3702
2026-04-01,2016192,2860
2026-04-01,2016253,1714
2026-04-01,2016255,46224
2026-04-01,2016256,43950
2026-04-01,2016271,1556
2026-04-01,2016302,3544
2026-04-01,2016437,373
2026-04-01,2016438,1118
2026-04-01,2016549,412
2026-04-01,2016557,760
2026-04-01,2016652,10039
2026-04-01,2016656,715
2026-04-01,2016771,25927
2026-04-01,2016780,27540
2026-04-01,2016781,26250
2026-04-01,2016796,27540
2026-04-01,2016797,26250
2026-04-01,2016970,10358
2026-04-01,2016971,18326
2026-04-01,2017006,13872
2026-04-01,2017007,13200
2026-04-01,2017052,1472
2026-04-01,2017053,84870
2026-04-01,2017058,27744
2026-04-01,2017059,26400
2026-04-01,2017294,9996
2026-04-01,2017295,9540
2026-04-01,2017353,8160
2026-04-01,2017354,7800
2026-04-01,2017355,9996
2026-04-01,2017356,9600
2026-04-01,2017393,12012
2026-04-01,2017394,21840
2026-04-01,2017422,10000
2026-04-01,2017464,6665
2026-04-01,2017482,27744
2026-04-01,2017483,26460
2026-04-01,2017536,4836
2026-04-01,2017540,541
2026-04-01,2017543,16
2026-04-01,2017565,5460
2026-04-01,2017569,110085
2026-04-01,2017570,244
2026-04-01,2017571,244
2026-04-01,2017595,1000
2026-04-01,2017708,25908
2026-04-01,2017709,25950
2026-04-01,2017743,3234
2026-04-01,2017880,5460
2026-04-01,2017915,20560
2026-04-01,2017916,14784
2026-04-01,2017946,21000
2026-04-01,2017947,10500
2026-04-01,2017969,12168
2026-04-01,2017993,21012
2026-04-01,2017994,21060
2026-04-01,2017997,13056
2026-04-01,2017998,13140
2026-04-01,2018043,28268
2026-04-01,2018044,14134
2026-04-01,2018154,2340
2026-04-01,2018158,10000
2026-04-01,2018164,12058
2026-04-01,2018254,3257
2026-04-01,2018473,39780
2026-04-01,2018485,2308
2026-04-01,2018538,34680
2026-04-01,2018539,34650
2026-04-01,2018568,4368
2026-04-01,2018621,3905
2026-04-01,2018666,78948
2026-04-01,2018667,79050
2026-04-01,2018672,69768
2026-04-01,2018673,69900
2026-04-01,2018704,131328
2026-04-01,2018705,131250
2026-04-01,2018782,90300
2026-04-01,2018783,45150
2026-04-01,2018807,3480
2026-04-01,2018840,13872
2026-04-01,2018841,13800
2026-04-01,2018851,9792
2026-04-01,2018852,9720
2026-04-01,2018879,94452
2026-04-01,2018880,94560
2026-04-01,2018891,486
2026-04-01,2018986,14223
2026-04-01,2019055,157488
2026-04-01,2019056,157500
2026-04-01,2019086,104856
2026-04-01,2019087,105000
2026-04-01,2019131,156328
2026-04-01,2019132,78164
2026-04-01,2019138,18360
2026-04-01,2019139,18360
2026-04-01,2019140,23664
2026-04-01,2019141,23580
2026-04-01,2019186,36720
2026-04-01,2019187,36750
2026-04-01,2019206,78132
2026-04-01,2019207,78120
2026-04-01,2019223,8448
2026-04-01,2019224,8400
2026-04-01,2019246,247780
2026-04-01,2019247,123890
2026-04-01,2019254,26304
2026-04-01,2019255,26280
2026-04-01,2019268,238680
2026-04-01,2019269,238800
2026-04-01,2019295,68340
2026-04-01,2019296,68280
2026-04-01,2019300,8976
2026-04-01,2019301,8880
2026-04-01,2019346,7752
2026-04-01,2019347,7800
2026-04-01,2019355,14632
2026-04-01,2019356,7316
2026-04-01,2019362,39372
2026-04-01,2019363,39300
2026-04-01,2019369,24915
2026-04-01,2019370,157488
2026-04-01,2019371,157440
2026-04-01,2019372,157440
2026-04-01,2019386,106632
2026-04-01,2019387,53316
2026-04-01,2019434,7752
2026-04-01,2019435,7800
2026-04-01,2019442,7752
2026-04-01,2019443,7800
2026-04-01,2019472,35640
2026-04-01,2019481,5508
2026-04-01,2019482,58350
2026-04-01,2019491,2848
2026-04-01,2019492,2848
2026-04-01,2019495,136500
2026-04-01,2019496,68250
2026-04-01,2019509,109140
2026-04-01,2019510,109200
2026-04-01,2019517,2880
2026-04-01,2019518,2880
2026-04-01,2019528,27720
2026-04-01,2019529,27720
2026-04-01,2019540,21012
2026-04-01,2019541,21060
2026-04-01,2019551,38760
2026-04-01,2019552,38700
2026-04-01,2019553,13860
2026-04-01,2019554,13920
2026-04-01,2019555,34476
2026-04-01,2019556,34500
2026-04-01,2019600,25296
2026-04-01,2019601,25200
2026-04-01,2019602,87312
2026-04-01,2019603,87300
2026-04-01,2019606,9672
2026-04-01,2019624,24684
2026-04-01,2019625,24750
2026-04-01,2019640,204
2026-04-01,2019641,120
2026-04-01,2019651,13056
2026-04-01,2019652,13200
2026-04-01,2019655,3987
2026-04-01,2019658,15708
2026-04-01,2019659,15600
2026-04-01,2019666,39372
2026-04-01,2019667,39450
2026-04-01,2019693,5400
2026-04-01,2019694,5280
2026-04-01,2019723,11220
2026-04-01,2019724,11160
2026-04-01,2019735,17340
2026-04-01,2019736,17280
2026-04-01,2019737,29172
2026-04-01,2019738,29160
2026-04-01,2019744,17340
2026-04-01,2019745,17400
2026-04-01,2019752,6120
2026-04-01,2019753,6000
2026-04-01,2019759,19380
2026-04-01,2019760,19440
2026-04-01,2019764,8364
2026-04-01,2019765,8400
2026-04-01,2019767,16728
2026-04-01,2019768,16800
2026-04-01,2019778,38148
2026-04-01,2019779,38160
2026-04-01,2019780,30600
2026-04-01,2019781,30600
2026-04-01,2019788,57780
2026-04-01,2019789,57720
2026-04-01,2019794,86700
2026-04-01,2019795,86580
2026-04-01,2019800,33048
2026-04-01,2019801,33000
2026-04-01,2019809,5040
2026-04-01,2019810,5160
2026-04-01,2019813,34884
2026-04-01,2019814,34920
2026-04-01,2019815,34680
2026-04-01,2019816,34800
2026-04-01,2019831,8772
2026-04-01,2019832,8850
2026-04-01,2019833,8772
2026-04-01,2019834,8850
2026-04-01,2019835,8772
2026-04-01,2019836,8850
2026-04-01,2019837,14484
2026-04-01,2019838,14580
2026-04-01,2019839,29172
2026-04-01,2019840,29160
2026-04-01,2019843,10488
2026-04-01,2019844,17340
2026-04-01,2019845,17400
2026-04-01,2019850,13860
2026-04-01,2019851,13920
2026-04-01,2019852,81432
2026-04-01,2019859,5304
2026-04-01,2019860,5280
2026-04-01,2019861,8772
2026-04-01,2019862,8850
2026-04-01,2019891,3720
2026-04-01,2019900,240
2026-04-01,2019912,21420
2026-04-01,2019913,21360
2026-04-01,2019914,7296
2026-04-01,2019915,7320
2026-04-01,2019916,428
2026-04-01,2019935,196860
2026-04-01,2019936,196950
2026-05-01,2000027,10904
2026-05-01,2000043,24424
2026-05-01,2000114,7363
2026-05-01,2000979,3000
2026-05-01,2000981,3000
2026-05-01,2001003,30608
2026-05-01,2001121,31581
2026-05-01,2001231,6298
2026-05-01,2001544,1663
2026-05-01,2001545,2234
2026-05-01,2001577,9269
2026-05-01,2001606,1197
2026-05-01,2001619,27229
2026-05-01,2001672,3351
2026-05-01,2001796,18899
2026-05-01,2002020,49552
2026-05-01,2002297,2997
2026-05-01,2002383,2164
2026-05-01,2002424,19746
2026-05-01,2002425,4372
2026-05-01,2002431,5928
2026-05-01,2002442,2250
2026-05-01,2002477,4332
2026-05-01,2002496,3990
2026-05-01,2002556,1587
2026-05-01,2002599,1085
2026-05-01,2003028,449
2026-05-01,2003073,2762
2026-05-01,2003163,520
2026-05-01,2003673,4174
2026-05-01,2004081,1928
2026-05-01,2004225,2420
2026-05-01,2004894,7799
2026-05-01,2004946,20
2026-05-01,2004947,18
2026-05-01,2004959,16
2026-05-01,2005943,169155
2026-05-01,2005962,4126
2026-05-01,2006186,203
2026-05-01,2006205,447
2026-05-01,2006222,820
2026-05-01,2006449,608
2026-05-01,2006450,405
2026-05-01,2006655,2952
2026-05-01,2007253,278
2026-05-01,2009486,1396
2026-05-01,2009532,44188
2026-05-01,2009680,319
2026-05-01,2009880,38400
2026-05-01,2009901,10640
2026-05-01,2009951,642
2026-05-01,2009968,28210
2026-05-01,2010046,8063
2026-05-01,2010124,249
2026-05-01,2010169,317
2026-05-01,2010241,76037
2026-05-01,2010276,81
2026-05-01,2010277,2847
2026-05-01,2010356,1438
2026-05-01,2010360,273
2026-05-01,2010460,249
2026-05-01,2010461,200
2026-05-01,2010465,24
2026-05-01,2010885,5733
2026-05-01,2010886,5926
2026-05-01,2010995,1932
2026-05-01,2011018,150707
2026-05-01,2011020,162
2026-05-01,2011071,113
2026-05-01,2011080,3906
2026-05-01,2011093,2
2026-05-01,2011232,3268
2026-05-01,2011275,4862
2026-05-01,2011276,11238
2026-05-01,2011297,20570
2026-05-01,2011799,31321
2026-05-01,2011827,21776
2026-05-01,2011849,1846170
2026-05-01,2012007,51920
2026-05-01,2012035,244087
2026-05-01,2012104,27848
2026-05-01,2012141,4163
2026-05-01,2012142,43990
2026-05-01,2012143,15942
2026-05-01,2012154,13372
2026-05-01,2012208,43009
2026-05-01,2012226,2200
2026-05-01,2012314,145169
2026-05-01,2012326,3394
2026-05-01,2012338,833
2026-05-01,2012339,166
2026-05-01,2012487,119
2026-05-01,2012496,58986
2026-05-01,2012499,23619
2026-05-01,2012500,21329
2026-05-01,2012505,941
2026-05-01,2012506,699
2026-05-01,2012563,31602
2026-05-01,2012623,19003
2026-05-01,2012687,2200
2026-05-01,2012743,19310
2026-05-01,2012744,9842
2026-05-01,2012746,10924
2026-05-01,2012750,11880
2026-05-01,2012754,467
2026-05-01,2012761,9047
2026-05-01,2012809,5334
2026-05-01,2012841,249
2026-05-01,2012922,39186
2026-05-01,2012923,2733
2026-05-01,2012958,4910
2026-05-01,2012962,12773
2026-05-01,2012964,7567
2026-05-01,2013169,21976
2026-05-01,2013205,17500
2026-05-01,2013228,20808
2026-05-01,2013229,19800
2026-05-01,2013230,1603
2026-05-01,2013241,1452
2026-05-01,2013387,1660
2026-05-01,2013426,1411
2026-05-01,2013427,5008
2026-05-01,2013441,8576
2026-05-01,2013442,1599
2026-05-01,2013448,12721
2026-05-01,2013451,14292
2026-05-01,2013453,9234
2026-05-01,2013640,11352
2026-05-01,2013682,14563
2026-05-01,2013684,5215
2026-05-01,2013686,3779
2026-05-01,2013730,2351
2026-05-01,2013760,3893
2026-05-01,2013803,3146
2026-05-01,2013974,992992
2026-05-01,2013997,413424
2026-05-01,2013998,291974
2026-05-01,2014029,880308
2026-05-01,2014036,6565
2026-05-01,2014110,12541
2026-05-01,2014236,2256
2026-05-01,2014302,5360
2026-05-01,2014439,20808
2026-05-01,2014440,19800
2026-05-01,2014597,3180
2026-05-01,2014606,4857
2026-05-01,2014616,6513
2026-05-01,2014618,4743
2026-05-01,2014620,41412
2026-05-01,2014621,39420
2026-05-01,2014629,5568
2026-05-01,2014630,3644
2026-05-01,2014631,27744
2026-05-01,2014632,26460
2026-05-01,2014633,27744
2026-05-01,2014634,26460
2026-05-01,2014678,6121
2026-05-01,2014699,17165
2026-05-01,2014919,1204
2026-05-01,2014920,6226
2026-05-01,2014970,168530
2026-05-01,2014971,28984
2026-05-01,2015001,2973
2026-05-01,2015002,3934
2026-05-01,2015048,2320
2026-05-01,2015094,3907
2026-05-01,2015095,6284
2026-05-01,2015203,1746
2026-05-01,2015347,5005
2026-05-01,2015541,29043
2026-05-01,2015563,3996
2026-05-01,2015606,836
2026-05-01,2015696,6901
2026-05-01,2015697,6600
2026-05-01,2015746,3182
2026-05-01,2015808,6349
2026-05-01,2015949,418
2026-05-01,2015950,377
2026-05-01,2015976,3352
2026-05-01,2015994,4008
2026-05-01,2015995,3137
2026-05-01,2016024,2558
2026-05-01,2016152,3108
2026-05-01,2016156,5600
2026-05-01,2016158,22506
2026-05-01,2016181,4868
2026-05-01,2016182,5855
2026-05-01,2016185,5895
2026-05-01,2016188,2983
2026-05-01,2016192,2305
2026-05-01,2016217,2059
2026-05-01,2016255,46224
2026-05-01,2016256,43950
2026-05-01,2016261,9279
2026-05-01,2016262,5158
2026-05-01,2016264,2644
2026-05-01,2016271,418
2026-05-01,2016302,2856
2026-05-01,2016437,200
2026-05-01,2016438,601
2026-05-01,2016510,20380
2026-05-01,2016552,846
2026-05-01,2016553,1650
2026-05-01,2016557,944
2026-05-01,2016652,8091
2026-05-01,2016730,5000
2026-05-01,2016771,6745
2026-05-01,2016774,18156
2026-05-01,2016775,17400
2026-05-01,2016808,950
2026-05-01,2016879,3000
2026-05-01,2017149,18156
2026-05-01,2017150,17400
2026-05-01,2017205,16728
2026-05-01,2017206,15960
2026-05-01,2017294,45084
2026-05-01,2017295,43020
2026-05-01,2017363,27940
2026-05-01,2017387,9792
2026-05-01,2017388,9360
2026-05-01,2017393,148
2026-05-01,2017394,108
2026-05-01,2017401,9996
2026-05-01,2017402,9960
2026-05-01,2017403,9480
2026-05-01,2017409,16
2026-05-01,2017410,10
2026-05-01,2017413,32
2026-05-01,2017414,16
2026-05-01,2017464,8502
2026-05-01,2017491,3000
2026-05-01,2017501,6942
2026-05-01,2017502,187
2026-05-01,2017536,14
2026-05-01,2017556,14611
2026-05-01,2017557,12143
2026-05-01,2017558,26166
2026-05-01,2017559,39178
2026-05-01,2017560,52
2026-05-01,2017566,16
2026-05-01,2017569,70983
2026-05-01,2017570,629
2026-05-01,2017571,629
2026-05-01,2017579,9180
2026-05-01,2017580,8850
2026-05-01,2017591,32
2026-05-01,2017595,3000
2026-05-01,2017639,9384
2026-05-01,2017640,9480
2026-05-01,2017641,9480
2026-05-01,2017662,251
2026-05-01,2017685,17274
2026-05-01,2017710,2000
2026-05-01,2017732,17544
2026-05-01,2017733,17700
2026-05-01,2017743,1955
2026-05-01,2017891,33852
2026-05-01,2017892,16926
2026-05-01,2017925,51816
2026-05-01,2017926,51840
2026-05-01,2017946,16926
2026-05-01,2017947,8463
2026-05-01,2017958,39372
2026-05-01,2017959,39450
2026-05-01,2018058,8772
2026-05-01,2018059,8850
2026-05-01,2018060,8772
2026-05-01,2018061,8850
2026-05-01,2018095,26520
2026-05-01,2018138,8772
2026-05-01,2018139,8850
2026-05-01,2018154,1886
2026-05-01,2018155,16540
2026-05-01,2018156,6474
2026-05-01,2018165,5339
2026-05-01,2018177,113842
2026-05-01,2018182,11016
2026-05-01,2018183,10950
2026-05-01,2018217,7108
2026-05-01,2018228,78744
2026-05-01,2018229,78840
2026-05-01,2018254,155449
2026-05-01,2018263,13286
2026-05-01,2018373,8772
2026-05-01,2018374,8820
2026-05-01,2018379,36960
2026-05-01,2018438,48531
2026-05-01,2018457,8772
2026-05-01,2018458,8700
2026-05-01,2018485,165746
2026-05-01,2018573,9792
2026-05-01,2018574,9720
2026-05-01,2018608,8772
2026-05-01,2018609,8700
2026-05-01,2018668,1399
2026-05-01,2018671,1300
2026-05-01,2018695,7104
2026-05-01,2018696,6960
2026-05-01,2018706,12780
2026-05-01,2018707,12720
2026-05-01,2018716,8460
2026-05-01,2018717,8520
2026-05-01,2018733,399
2026-05-01,2018782,72782
2026-05-01,2018783,36391
2026-05-01,2018806,7104
2026-05-01,2018807,3480
2026-05-01,2018827,9384
2026-05-01,2018828,9480
2026-05-01,2018829,9480
2026-05-01,2018844,8448
2026-05-01,2018845,8400
2026-05-01,2018847,10404
2026-05-01,2018848,10350
2026-05-01,2018891,551
2026-05-01,2018932,8772
2026-05-01,2018933,8700
2026-05-01,2018964,19380
2026-05-01,2018965,19440
2026-05-01,2019055,328032
2026-05-01,2019056,328200
2026-05-01,2019086,84630
2026-05-01,2019087,42315
2026-05-01,2019104,17340
2026-05-01,2019105,17400
2026-05-01,2019131,252000
2026-05-01,2019132,126000
2026-05-01,2019138,18360
2026-05-01,2019139,18360
2026-05-01,2019200,131172
2026-05-01,2019201,131250
2026-05-01,2019202,48552
2026-05-01,2019203,48420
2026-05-01,2019206,156264
2026-05-01,2019207,156360
2026-05-01,2019225,4601
2026-05-01,2019226,21624
2026-05-01,2019227,21600
2026-05-01,2019230,21624
2026-05-01,2019231,21600
2026-05-01,2019241,9384
2026-05-01,2019242,9480
2026-05-01,2019243,9480
2026-05-01,2019248,17340
2026-05-01,2019249,17400
2026-05-01,2019250,13056
2026-05-01,2019251,13200
2026-05-01,2019293,66816
2026-05-01,2019294,66840
2026-05-01,2019297,8448
2026-05-01,2019298,8400
2026-05-01,2019307,8448
2026-05-01,2019308,8400
2026-05-01,2019332,23664
2026-05-01,2019333,23640
2026-05-01,2019334,23640
2026-05-01,2019359,62832
2026-05-01,2019360,63120
2026-05-01,2019361,63120
2026-05-01,2019362,31620
2026-05-01,2019363,31500
2026-05-01,2019369,20081
2026-05-01,2019370,157488
2026-05-01,2019371,157440
2026-05-01,2019372,157440
2026-05-01,2019375,26112
2026-05-01,2019376,26280
2026-05-01,2019381,18704
2026-05-01,2019382,9352
2026-05-01,2019386,53244
2026-05-01,2019387,53280
2026-05-01,2019394,3000
2026-05-01,2019402,17544
2026-05-01,2019403,17460
2026-05-01,2019410,52416
2026-05-01,2019411,52560
2026-05-01,2019421,190332
2026-05-01,2019422,190350
2026-05-01,2019423,190350
2026-05-01,2019444,7020
2026-05-01,2019445,7080
2026-05-01,2019468,2201
2026-05-01,2019469,1300
2026-05-01,2019472,35640
2026-05-01,2019481,52836
2026-05-01,2019483,38760
2026-05-01,2019484,38700
2026-05-01,2019491,1766
2026-05-01,2019492,1766
2026-05-01,2019495,84630
2026-05-01,2019496,42315
2026-05-01,2019502,17340
2026-05-01,2019503,17400
2026-05-01,2019509,109344
2026-05-01,2019510,109200
2026-05-01,2019528,27720
2026-05-01,2019529,27720
2026-05-01,2019551,38760
2026-05-01,2019552,38700
2026-05-01,2019561,5580
2026-05-01,2019562,5640
2026-05-01,2019569,8568
2026-05-01,2019570,8640
2026-05-01,2019581,196860
2026-05-01,2019582,196950
2026-05-01,2019613,11552
2026-05-01,2019624,49768
2026-05-01,2019625,24884
2026-05-01,2019632,38760
2026-05-01,2019633,38700
2026-05-01,2019636,144
2026-05-01,2019651,13056
2026-05-01,2019652,13200
2026-05-01,2019655,8000
2026-05-01,2019662,4896
2026-05-01,2019663,4800
2026-05-01,2019664,39372
2026-05-01,2019665,39450
2026-05-01,2019691,29172
2026-05-01,2019692,29160
2026-05-01,2019699,34272
2026-05-01,2019700,34380
2026-05-01,2019701,8364
2026-05-01,2019702,8400
2026-05-01,2019703,8364
2026-05-01,2019704,8400
2026-05-01,2019759,19380
2026-05-01,2019760,19440
2026-05-01,2019778,38148
2026-05-01,2019779,38160
2026-05-01,2019798,17340
2026-05-01,2019799,17400
2026-05-01,2019802,10404
2026-05-01,2019803,10500
2026-05-01,2019809,12780
2026-05-01,2019810,12720
2026-05-01,2019820,5100
2026-05-01,2019821,5040
2026-05-01,2019822,26316
2026-05-01,2019823,26250
2026-05-01,2019825,190332
2026-05-01,2019826,190350
2026-05-01,2019827,190350
2026-05-01,2019829,4224
2026-05-01,2019830,4200
2026-05-01,2019839,29172
2026-05-01,2019840,29160
2026-05-01,2019841,5568
2026-05-01,2019842,5640
2026-05-01,2019846,9792
2026-05-01,2019847,9720
2026-05-01,2019863,5916
2026-05-01,2019864,5760
2026-05-01,2019865,5916
2026-05-01,2019866,5760
2026-05-01,2019867,5916
2026-05-01,2019868,5760
2026-05-01,2019869,5508
2026-05-01,2019870,5550
2026-05-01,2019871,5304
2026-05-01,2019872,5400
2026-05-01,2019873,13056
2026-05-01,2019874,13200
2026-05-01,2019875,17340
2026-05-01,2019876,17400
2026-05-01,2019879,75480
2026-05-01,2019880,236250
2026-05-01,2019890,7344
2026-05-01,2019891,3600
2026-05-01,2019893,8772
2026-05-01,2019894,8850
2026-05-01,2019895,3262
2026-05-01,2019896,84630
2026-05-01,2019897,42315
2026-05-01,2019901,26316
2026-05-01,2019902,26280
2026-05-01,2019903,5304
2026-05-01,2019904,5400
2026-05-01,2019908,8364
2026-05-01,2019909,8400
2026-05-01,2019910,14076
2026-05-01,2019911,14100
2026-05-01,2019917,15708
2026-05-01,2019918,15660
2026-05-01,2019921,4284
2026-05-01,2019922,4200
2026-05-01,2019923,11016
2026-05-01,2019924,10950
2026-05-01,2019925,18360
2026-05-01,2019926,18450
2026-05-01,2019933,13260
2026-05-01,2019934,13200
2026-05-01,2019939,8772
2026-05-01,2019940,8850
2026-05-01,2019952,11016
2026-05-01,2019953,10920
2026-05-01,2019954,10920
2026-05-01,2019955,38760
2026-05-01,2019956,38700
2026-05-01,2019957,7020
2026-05-01,2019958,6960
2026-06-01,2000019,2804
2026-06-01,2000027,8470
2026-06-01,2000043,38168
2026-06-01,2000044,6430
2026-06-01,2000109,3954
2026-06-01,2000114,6311
2026-06-01,2000979,2267
2026-06-01,2000981,2872
2026-06-01,2001003,36462
2026-06-01,2001121,52917
2026-06-01,2001231,4443
2026-06-01,2001545,3118
2026-06-01,2001577,11451
2026-06-01,2001606,3287
2026-06-01,2001614,6039
2026-06-01,2001619,36793
2026-06-01,2001672,1584
2026-06-01,2001796,5923
2026-06-01,2002020,42768
2026-06-01,2002297,3718
2026-06-01,2002330,4834
2026-06-01,2002333,4462
2026-06-01,2002383,1804
2026-06-01,2002424,18897
2026-06-01,2002425,3498
2026-06-01,2002442,11726
2026-06-01,2002462,252
2026-06-01,2002479,16301
2026-06-01,2002496,4950
2026-06-01,2002599,1347
2026-06-01,2002859,38
2026-06-01,2003023,4858
2026-06-01,2003028,557
2026-06-01,2003163,645
2026-06-01,2004081,3614
2026-06-01,2004083,5634
2026-06-01,2004876,4818
2026-06-01,2004894,7065
2026-06-01,2004955,6710
2026-06-01,2005270,4510
2026-06-01,2005591,6764
2026-06-01,2005592,4642
2026-06-01,2005669,406
2026-06-01,2005787,3907
2026-06-01,2005943,366845
2026-06-01,2005962,11548
2026-06-01,2006020,3382
2026-06-01,2006205,317
2026-06-01,2006222,973
2026-06-01,2006451,1006
2026-06-01,2006655,5861
2026-06-01,2008458,2424
2026-06-01,2009486,1732
2026-06-01,2009517,495
2026-06-01,2009518,495
2026-06-01,2009532,4700
2026-06-01,2009680,1224
2026-06-01,2009880,72000
2026-06-01,2009951,996
2026-06-01,2009968,20000
2026-06-01,2010124,1851
2026-06-01,2010169,328
2026-06-01,2010185,3416
2026-06-01,2010241,18204
2026-06-01,2010253,392
2026-06-01,2010277,4156
2026-06-01,2010356,1043
2026-06-01,2010374,558
2026-06-01,2010447,1814
2026-06-01,2010460,497
2026-06-01,2010461,497
2026-06-01,2010854,13071
2026-06-01,2010886,2591
2026-06-01,2010928,1533
2026-06-01,2010962,1521
2026-06-01,2010995,2397
2026-06-01,2011018,80699
2026-06-01,2011020,130
2026-06-01,2011093,2
2026-06-01,2011103,2973
2026-06-01,2011232,17315
2026-06-01,2011275,14430
2026-06-01,2011276,3435
2026-06-01,2011297,32461
2026-06-01,2011799,16324
2026-06-01,2011820,3976
2026-06-01,2011827,24685
2026-06-01,2011849,2387505
2026-06-01,2011991,2255
2026-06-01,2012035,108049
2026-06-01,2012104,2033
2026-06-01,2012141,2838
2026-06-01,2012142,32349
2026-06-01,2012143,27503
2026-06-01,2012174,5029
2026-06-01,2012208,30492
2026-06-01,2012226,4400
2026-06-01,2012314,38337
2026-06-01,2012338,2583
2026-06-01,2012339,1234
2026-06-01,2012487,119
2026-06-01,2012488,8
2026-06-01,2012489,6
2026-06-01,2012499,24368
2026-06-01,2012505,1167
2026-06-01,2012506,867
2026-06-01,2012512,17770
2026-06-01,2012559,4356
2026-06-01,2012563,12758
2026-06-01,2012623,3158
2026-06-01,2012628,55816
2026-06-01,2012687,4144
2026-06-01,2012743,24169
2026-06-01,2012746,11304
2026-06-01,2012750,18950
2026-06-01,2012754,290
2026-06-01,2012761,9047
2026-06-01,2012922,27050
2026-06-01,2012923,6832
2026-06-01,2012959,14982
2026-06-01,2012964,9388
2026-06-01,2012999,10903
2026-06-01,2013197,5287
2026-06-01,2013205,21102
2026-06-01,2013230,476
2026-06-01,2013426,1751
2026-06-01,2013427,4382
2026-06-01,2013441,4818
2026-06-01,2013442,3224
2026-06-01,2013448,10094
2026-06-01,2013451,6176
2026-06-01,2013453,3438
2026-06-01,2013627,207
2026-06-01,2013640,14085
2026-06-01,2013683,8085
2026-06-01,2013730,2917
2026-06-01,2013760,7989
2026-06-01,2013946,4160
2026-06-01,2013961,673
2026-06-01,2013974,1708000
2026-06-01,2013997,760724
2026-06-01,2013998,362250
2026-06-01,2014029,332904
2026-06-01,2014036,5833
2026-06-01,2014110,12565
2026-06-01,2014181,9680
2026-06-01,2014302,6650
2026-06-01,2014699,8623
2026-06-01,2014879,6479
2026-06-01,2014882,5577
2026-06-01,2014919,5974
2026-06-01,2014920,1514
2026-06-01,2014970,288856
2026-06-01,2015002,3147
2026-06-01,2015094,7639
2026-06-01,2015095,6284
2026-06-01,2015096,283
2026-06-01,2015097,162
2026-06-01,2015347,5335
2026-06-01,2015541,29048
2026-06-01,2015746,3182
2026-06-01,2015751,5102
2026-06-01,2015808,7877
2026-06-01,2015996,54672
2026-06-01,2015997,52050
2026-06-01,2016024,2556
2026-06-01,2016152,3856
2026-06-01,2016156,11056
2026-06-01,2016158,21712
2026-06-01,2016179,12664
2026-06-01,2016180,10048
2026-06-01,2016181,10708
2026-06-01,2016185,5896
2026-06-01,2016188,3702
2026-06-01,2016216,4088
2026-06-01,2016217,5429
2026-06-01,2016218,2032
2026-06-01,2016261,7423
2026-06-01,2016263,8994
2026-06-01,2016302,3544
2026-06-01,2016437,249
2026-06-01,2016438,746
2026-06-01,2016491,3531
2026-06-01,2016549,412
2026-06-01,2016557,486
2026-06-01,2016652,10039
2026-06-01,2016656,550
2026-06-01,2016771,25927
2026-06-01,2016776,1794
2026-06-01,2016780,27540
2026-06-01,2016781,26250
2026-06-01,2016971,6738
2026-06-01,2016972,13872
2026-06-01,2016973,13200
2026-06-01,2017363,19558
2026-06-01,2017393,96
2026-06-01,2017394,192
2026-06-01,2017409,52
2026-06-01,2017411,16
2026-06-01,2017413,64
2026-06-01,2017414,14
2026-06-01,2017464,6665
2026-06-01,2017501,8612
2026-06-01,2017536,18
2026-06-01,2017556,21008
2026-06-01,2017557,9866
2026-06-01,2017558,32144
2026-06-01,2017559,36729
2026-06-01,2017560,50
2026-06-01,2017565,62
2026-06-01,2017569,44034
2026-06-01,2017570,975
2026-06-01,2017571,975
2026-06-01,2017587,3300
2026-06-01,2017591,40
2026-06-01,2017631,12
2026-06-01,2017685,19820
2026-06-01,2017743,2599
2026-06-01,2017750,14
2026-06-01,2017880,30
2026-06-01,2017915,20560
2026-06-01,2017916,14784
2026-06-01,2017946,21012
2026-06-01,2017947,21000
2026-06-01,2017958,39372
2026-06-01,2017959,39450
2026-06-01,2018049,3388
2026-06-01,2018154,2340
2026-06-01,2018155,12144
2026-06-01,2018157,18303
2026-06-01,2018158,10000
2026-06-01,2018177,57688
2026-06-01,2018181,6118
2026-06-01,2018217,3949
2026-06-01,2018254,190883
2026-06-01,2018263,6643
2026-06-01,2018341,3130
2026-06-01,2018379,27720
2026-06-01,2018429,26316
2026-06-01,2018430,26250
2026-06-01,2018481,24290
2026-06-01,2018482,12145
2026-06-01,2018485,196721
2026-06-01,2018538,34680
2026-06-01,2018539,34650
2026-06-01,2018563,10404
2026-06-01,2018564,10500
2026-06-01,2018565,10
2026-06-01,2018568,10
2026-06-01,2018575,3976
2026-06-01,2018613,6300
2026-06-01,2018614,6360
2026-06-01,2018621,7810
2026-06-01,2018747,13668
2026-06-01,2018748,13500
2026-06-01,2018782,90300
2026-06-01,2018783,45150
2026-06-01,2018790,19380
2026-06-01,2018791,19440
2026-06-01,2018794,13872
2026-06-01,2018795,13800
2026-06-01,2018856,49048
2026-06-01,2018857,24524
2026-06-01,2018891,486
2026-06-01,2019055,170544
2026-06-01,2019056,170700
2026-06-01,2019086,105000
2026-06-01,2019087,52500
2026-06-01,2019126,7062
2026-06-01,2019200,131172
2026-06-01,2019201,131250
2026-06-01,2019225,4218
2026-06-01,2019226,26928
2026-06-01,2019227,26880
2026-06-01,2019230,26928
2026-06-01,2019231,26880
2026-06-01,2019246,82620
2026-06-01,2019247,82593
2026-06-01,2019289,41856
2026-06-01,2019290,41760
2026-06-01,2019293,66816
2026-06-01,2019294,66840
2026-06-01,2019370,78744
2026-06-01,2019371,78720
2026-06-01,2019372,78720
2026-06-01,2019446,13056
2026-06-01,2019447,13140
2026-06-01,2019491,1534
2026-06-01,2019492,1534
2026-06-01,2019495,73500
2026-06-01,2019496,36750
2026-06-01,2019521,30192
2026-06-01,2019522,30300
2026-06-01,2019530,17340
2026-06-01,2019531,17400
2026-06-01,2019581,393720
2026-06-01,2019582,393900
2026-06-01,2019646,38760
2026-06-01,2019647,38700
2026-06-01,2019666,39372
2026-06-01,2019667,39450
2026-06-01,2019811,17340
2026-06-01,2019812,17280
2026-06-01,2019825,190332
2026-06-01,2019826,190350
2026-06-01,2019827,190350
2026-06-01,2019856,60932
2026-06-01,2019879,160752
2026-06-01,2019884,15708
2026-06-01,2019885,15750
2026-06-01,2019888,15708
2026-06-01,2019889,15750
2026-06-01,2019890,14632
2026-06-01,2019891,7316
2026-06-01,2019916,428
2026-06-01,2019937,11016
2026-06-01,2019938,10950
2026-06-01,2019942,7140
2026-06-01,2019943,7200
2026-06-01,2019944,13668
2026-06-01,2019945,13500
2026-06-01,2019946,17340
2026-06-01,2019947,17280
2026-06-01,2019948,26316
2026-06-01,2019949,26250
2026-06-01,2019950,13056
2026-06-01,2019951,13200
2026-06-01,2019961,9792
2026-06-01,2019962,9720
2026-07-01,2000027,10164
2026-07-01,2000043,26056
2026-07-01,2000044,2940
2026-07-01,2000109,1521
2026-07-01,2000979,2160
2026-07-01,2000981,4143
2026-07-01,2001003,36755
2026-07-01,2001121,46596
2026-07-01,2001231,7752
2026-07-01,2001544,1663
2026-07-01,2001545,3742
2026-07-01,2001577,13034
2026-07-01,2001604,5748
2026-07-01,2001606,918
2026-07-01,2001614,6039
2026-07-01,2001619,20605
2026-07-01,2001672,2970
2026-07-01,2001796,5923
2026-07-01,2002020,54529
2026-07-01,2002234,1344
2026-07-01,2002297,3718
2026-07-01,2002383,3248
2026-07-01,2002424,19746
2026-07-01,2002425,2098
2026-07-01,2002442,16192
2026-07-01,2002462,278
2026-07-01,2002496,4950
2026-07-01,2002599,1347
2026-07-01,2002859,38
2026-07-01,2003021,10929
2026-07-01,2003023,7286
2026-07-01,2003163,370
2026-07-01,2004081,3854
2026-07-01,2004876,4818
2026-07-01,2004955,6710
2026-07-01,2005270,4961
2026-07-01,2005591,6764
2026-07-01,2005592,4642
2026-07-01,2005669,4436
2026-07-01,2005943,279700
2026-07-01,2005962,11548
2026-07-01,2006020,3382
2026-07-01,2006039,5032
2026-07-01,2006186,252
2026-07-01,2006205,317
2026-07-01,2006222,973
2026-07-01,2006335,223
2026-07-01,2006449,754
2026-07-01,2006450,503
2026-07-01,2006655,5861
2026-07-01,2007120,364
2026-07-01,2009486,1732
2026-07-01,2009532,29377
2026-07-01,2009680,1224
2026-07-01,2009880,72000
2026-07-01,2009901,13200
2026-07-01,2009951,249
2026-07-01,2009968,20000
2026-07-01,2010131,94
2026-07-01,2010134,94
2026-07-01,2010169,524
2026-07-01,2010241,36380
2026-07-01,2010277,3740
2026-07-01,2010374,558
2026-07-01,2010447,3990
2026-07-01,2010460,746
2026-07-01,2010461,746
2026-07-01,2010853,174
2026-07-01,2010886,2369
2026-07-01,2010962,761
2026-07-01,2010995,2397
2026-07-01,2011018,150290
2026-07-01,2011020,162
2026-07-01,2011071,136
2026-07-01,2011080,4686
2026-07-01,2011093,2
2026-07-01,2011103,892
2026-07-01,2011226,1282
2026-07-01,2011227,9764
2026-07-01,2011232,9148
2026-07-01,2011275,14430
2026-07-01,2011276,8789
2026-07-01,2011297,43905
2026-07-01,2011799,31995
2026-07-01,2011822,3976
2026-07-01,2011827,30857
2026-07-01,2011849,2762505
2026-07-01,2011991,2255
2026-07-01,2011992,1546
2026-07-01,2012035,156191
2026-07-01,2012079,6660
2026-07-01,2012104,3251
2026-07-01,2012141,2838
2026-07-01,2012142,49471
2026-07-01,2012143,29412
2026-07-01,2012208,30492
2026-07-01,2012226,5500
2026-07-01,2012314,112355
2026-07-01,2012338,2067
2026-07-01,2012487,277
2026-07-01,2012488,8
2026-07-01,2012497,6248
2026-07-01,2012499,36842
2026-07-01,2012559,4356
2026-07-01,2012563,19457
2026-07-01,2012623,3158
2026-07-01,2012628,55816
2026-07-01,2012687,2681
2026-07-01,2012743,9716
2026-07-01,2012744,10698
2026-07-01,2012746,11304
2026-07-01,2012750,18950
2026-07-01,2012754,638
2026-07-01,2012761,27142
2026-07-01,2012809,5555
2026-07-01,2012857,4039
2026-07-01,2012922,36627
2026-07-01,2012923,6832
2026-07-01,2012959,14982
2026-07-01,2012962,10219
2026-07-01,2012964,9388
2026-07-01,2013230,476
2026-07-01,2013348,2540
2026-07-01,2013426,1751
2026-07-01,2013427,6260
2026-07-01,2013441,5052
2026-07-01,2013442,2480
2026-07-01,2013448,7092
2026-07-01,2013451,8730
2026-07-01,2013453,6416
2026-07-01,2013640,14085
2026-07-01,2013730,2917
2026-07-01,2013760,3551
2026-07-01,2013974,560000
2026-07-01,2013997,760724
2026-07-01,2013998,362250
2026-07-01,2014036,5833
2026-07-01,2014110,12565
2026-07-01,2014181,24533
2026-07-01,2014236,875
2026-07-01,2014302,6650
2026-07-01,2014307,3506
2026-07-01,2014329,4274
2026-07-01,2014597,4770
2026-07-01,2014606,20952
2026-07-01,2014629,23890
2026-07-01,2014699,12022
2026-07-01,2014879,6479
2026-07-01,2014970,253560
2026-07-01,2014971,48682
2026-07-01,2015001,3568
2026-07-01,2015002,3934
2026-07-01,2015094,7639
2026-07-01,2015095,14664
2026-07-01,2015096,283
2026-07-01,2015203,2284
2026-07-01,2015347,7469
2026-07-01,2015541,33956
2026-07-01,2015563,3248
2026-07-01,2015670,9996
2026-07-01,2015671,9600
2026-07-01,2015746,3182
2026-07-01,2015748,3948
2026-07-01,2015808,7877
2026-07-01,2016152,3856
2026-07-01,2016156,14297
2026-07-01,2016181,33235
2026-07-01,2016185,4422
2026-07-01,2016188,6574
2026-07-01,2016217,8778
2026-07-01,2016253,1714
2026-07-01,2016261,11134
2026-07-01,2016263,8994
2026-07-01,2016302,3544
2026-07-01,2016437,398
2026-07-01,2016438,1193
2026-07-01,2016510,25286
2026-07-01,2016549,412
2026-07-01,2016557,1088
2026-07-01,2016652,10039
2026-07-01,2016918,15820
2026-07-01,2016971,6738
2026-07-01,2017363,25146
2026-07-01,2017393,96
2026-07-01,2017394,124
2026-07-01,2017395,14
2026-07-01,2017409,44
2026-07-01,2017410,14
2026-07-01,2017411,18
2026-07-01,2017413,42
2026-07-01,2017414,8
2026-07-01,2017422,10000
2026-07-01,2017425,12496
2026-07-01,2017464,6665
2026-07-01,2017501,8612
2026-07-01,2017536,18
2026-07-01,2017540,4054
2026-07-01,2017543,8
2026-07-01,2017556,22232
2026-07-01,2017557,9488
2026-07-01,2017558,46845
2026-07-01,2017559,32648
2026-07-01,2017560,52
2026-07-01,2017569,44034
2026-07-01,2017570,244
2026-07-01,2017571,244
2026-07-01,2017591,48
2026-07-01,2017654,3696
2026-07-01,2017685,55910
2026-07-01,2017743,2599
2026-07-01,2017750,40
2026-07-01,2017880,30
2026-07-01,2017915,60096
2026-07-01,2017916,45091
2026-07-01,2017946,21000
2026-07-01,2017947,10500
2026-07-01,2018154,2340
2026-07-01,2018155,18823
2026-07-01,2018156,15108
2026-07-01,2018164,18088
2026-07-01,2018170,1350
2026-07-01,2018177,80698
2026-07-01,2018181,6798
2026-07-01,2018217,3160
2026-07-01,2018254,186010
2026-07-01,2018263,6643
2026-07-01,2018341,9388
2026-07-01,2018379,36960
2026-07-01,2018388,4
2026-07-01,2018483,21508
2026-07-01,2018484,10754
2026-07-01,2018485,206825
2026-07-01,2018538,69300
2026-07-01,2018539,34650
2026-07-01,2018782,90300
2026-07-01,2018783,45150
2026-07-01,2018986,9482
2026-07-01,2019086,105000
2026-07-01,2019087,52500
2026-07-01,2019103,3438
2026-07-01,2019126,7062
2026-07-01,2019143,4509
2026-07-01,2019146,6324
2026-07-01,2019147,6360
2026-07-01,2019225,3797
2026-07-01,2019381,23204
2026-07-01,2019382,11602
2026-07-01,2019386,106632
2026-07-01,2019387,53316
2026-07-01,2019421,380622
2026-07-01,2019422,190311
2026-07-01,2019423,190311
2026-07-01,2019491,2191
2026-07-01,2019492,2191
2026-07-01,2019495,105000
2026-07-01,2019496,52500
2026-07-01,2019613,11550
2026-07-01,2019624,61746
2026-07-01,2019625,30873
2026-07-01,2019856,82761
2026-07-01,2019881,6528
2026-07-01,2019882,6450
2026-07-01,2019883,6450
2026-07-01,2019895,8094
2026-07-01,2019896,210000
2026-07-01,2019897,105000
2026-07-01,2019916,855
2026-07-01,2019959,10812
2026-07-01,2019960,10800
2026-08-01,2000027,8470
2026-08-01,2000043,23476
2026-08-01,2000109,2433
2026-08-01,2000114,7359
2026-08-01,2000979,3396
2026-08-01,2000981,1621
2026-08-01,2001003,29025
2026-08-01,2001121,29223
2026-08-01,2001231,4772
2026-08-01,2001544,1663
2026-08-01,2001545,3742
2026-08-01,2001577,3161
2026-08-01,2001603,7934
2026-08-01,2001604,4658
2026-08-01,2001606,1723
2026-08-01,2001614,7248
2026-08-01,2001619,21343
2026-08-01,2001796,5923
2026-08-01,2002020,46510
2026-08-01,2002297,3718
2026-08-01,2002333,4462
2026-08-01,2002424,15795
2026-08-01,2002425,1924
2026-08-01,2002442,16192
2026-08-01,2002496,4950
2026-08-01,2002599,1347
2026-08-01,2003023,8500
2026-08-01,2003028,465
2026-08-01,2003073,2056
2026-08-01,2003163,370
2026-08-01,2003556,6094
2026-08-01,2003673,5696
2026-08-01,2004081,3614
2026-08-01,2004083,5634
2026-08-01,2004225,1202
2026-08-01,2005450,204
2026-08-01,2005669,812
2026-08-01,2005943,228230
2026-08-01,2005963,9801
2026-08-01,2006186,252
2026-08-01,2006222,973
2026-08-01,2006451,754
2026-08-01,2006655,3663
2026-08-01,2008405,1140
2026-08-01,2009486,1732
2026-08-01,2009532,17626
2026-08-01,2009680,510
2026-08-01,2009880,30000
2026-08-01,2009901,13200
2026-08-01,2009951,1494
2026-08-01,2010241,21709
2026-08-01,2010253,392
2026-08-01,2010277,4156
2026-08-01,2010360,247
2026-08-01,2010361,247
2026-08-01,2010374,558
2026-08-01,2010447,2721
2026-08-01,2010460,249
2026-08-01,2010461,249
2026-08-01,2010886,1801
2026-08-01,2011018,225584
2026-08-01,2011020,162
2026-08-01,2011071,92
2026-08-01,2011084,390
2026-08-01,2011093,2
2026-08-01,2011103,2973
2026-08-01,2011232,11732
2026-08-01,2011275,14430
2026-08-01,2011276,8789
2026-08-01,2011297,12727
2026-08-01,2011799,15671
2026-08-01,2011827,23012
2026-08-01,2011849,1625215
2026-08-01,2011992,3478
2026-08-01,2011993,2609
2026-08-01,2012035,156191
2026-08-01,2012104,2652
2026-08-01,2012141,2838
2026-08-01,2012142,45330
2026-08-01,2012143,24888
2026-08-01,2012208,30492
2026-08-01,2012226,5500
2026-08-01,2012314,102414
2026-08-01,2012317,4192
2026-08-01,2012333,1182
2026-08-01,2012336,305
2026-08-01,2012357,1486
2026-08-01,2012487,211
2026-08-01,2012489,6
2026-08-01,2012559,4356
2026-08-01,2012563,15077
2026-08-01,2012623,1579
2026-08-01,2012628,55816
2026-08-01,2012687,2681
2026-08-01,2012743,27784
2026-08-01,2012744,9416
2026-08-01,2012746,9244
2026-08-01,2012750,10528
2026-08-01,2012754,580
2026-08-01,2012761,9047
2026-08-01,2012809,5555
2026-08-01,2012922,22796
2026-08-01,2012923,5901
2026-08-01,2012964,9388
2026-08-01,2013169,27266
2026-08-01,2013230,476
2026-08-01,2013346,5157
2026-08-01,2013347,5286
2026-08-01,2013426,1751
2026-08-01,2013427,5010
2026-08-01,2013441,4364
2026-08-01,2013442,1240
2026-08-01,2013448,5728
2026-08-01,2013451,7366
2026-08-01,2013453,5728
2026-08-01,2013640,14085
2026-08-01,2013682,10196
2026-08-01,2013683,9234
2026-08-01,2013684,5647
2026-08-01,2013686,4000
2026-08-01,2013730,2917
2026-08-01,2013760,5326
2026-08-01,2013974,1120000
2026-08-01,2013997,760724
2026-08-01,2013998,362250
2026-08-01,2014023,3434
2026-08-01,2014036,5833
2026-08-01,2014110,14709
2026-08-01,2014181,24533
2026-08-01,2014236,350
2026-08-01,2014247,173
2026-08-01,2014302,3800
2026-08-01,2014616,4897
2026-08-01,2014678,3765
2026-08-01,2014699,31601
2026-08-01,2014862,1536
2026-08-01,2014879,6479
2026-08-01,2014970,160859
2026-08-01,2015002,3934
2026-08-01,2015003,498
2026-08-01,2015094,4847
2026-08-01,2015095,11144
2026-08-01,2015097,162
2026-08-01,2015166,390
2026-08-01,2015347,3734
2026-08-01,2015541,23766
2026-08-01,2015746,3182
2026-08-01,2015751,6804
2026-08-01,2015783,624
2026-08-01,2015808,7877
2026-08-01,2015949,518
2026-08-01,2015950,468
2026-08-01,2015976,4372
2026-08-01,2015995,1483
2026-08-01,2016152,3856
2026-08-01,2016156,10024
2026-08-01,2016177,2455
2026-08-01,2016181,10708
2026-08-01,2016182,2772
2026-08-01,2016185,4422
2026-08-01,2016188,3702
2026-08-01,2016207,4672
2026-08-01,2016208,4218
2026-08-01,2016216,4088
2026-08-01,2016217,11550
2026-08-01,2016253,1714
2026-08-01,2016261,11134
2026-08-01,2016262,1772
2026-08-01,2016263,8994
2026-08-01,2016264,8812
2026-08-01,2016271,518
2026-08-01,2016302,3544
2026-08-01,2016437,149
2026-08-01,2016438,447
2026-08-01,2016557,486
2026-08-01,2016652,10039
2026-08-01,2017363,11176
2026-08-01,2017393,96
2026-08-01,2017394,102
2026-08-01,2017409,28
2026-08-01,2017414,8
2026-08-01,2017464,6665
2026-08-01,2017501,8612
2026-08-01,2017536,18
2026-08-01,2017540,4054
2026-08-01,2017556,20247
2026-08-01,2017557,9866
2026-08-01,2017558,19015
2026-08-01,2017559,24486
2026-08-01,2017560,42
2026-08-01,2017570,1462
2026-08-01,2017571,1462
2026-08-01,2017587,4125
2026-08-01,2017591,40
2026-08-01,2017685,40664
2026-08-01,2017743,2599
2026-08-01,2017750,26
2026-08-01,2017916,28829
2026-08-01,2017946,21000
2026-08-01,2017947,10500
2026-08-01,2018154,2340
2026-08-01,2018155,18823
2026-08-01,2018177,68634
2026-08-01,2018181,6798
2026-08-01,2018217,3160
2026-08-01,2018254,194961
2026-08-01,2018263,6643
2026-08-01,2018341,6259
2026-08-01,2018379,27345
2026-08-01,2018485,197762
2026-08-01,2018538,69300
2026-08-01,2018539,34650
2026-08-01,2018621,7810
2026-08-01,2018782,90300
2026-08-01,2018783,45150
2026-08-01,2018856,49048
2026-08-01,2018857,24524
2026-08-01,2019086,105000
2026-08-01,2019087,52500
2026-08-01,2019225,1687
2026-08-01,2019386,51184
2026-08-01,2019387,25592
2026-08-01,2019491,1534
2026-08-01,2019492,1534
2026-08-01,2019495,73500
2026-08-01,2019496,36750
2026-08-01,2019613,8663
2026-08-01,2019825,761244
2026-08-01,2019826,380622
2026-08-01,2019827,380622
2026-08-01,2019890,14632
2026-08-01,2019891,7316
2026-09-01,2000027,6776
2026-09-01,2000043,25848
2026-09-01,2000109,1521
2026-09-01,2000979,1604
2026-09-01,2000981,2475
2026-09-01,2000998,466
2026-09-01,2001003,30854
2026-09-01,2001121,45018
2026-09-01,2001231,5609
2026-09-01,2001544,1663
2026-09-01,2001545,3118
2026-09-01,2001577,3161
2026-09-01,2001606,2270
2026-09-01,2001619,18937
2026-09-01,2001672,2970
2026-09-01,2001796,5923
2026-09-01,2002020,46510
2026-09-01,2002234,1344
2026-09-01,2002297,3718
2026-09-01,2002330,5576
2026-09-01,2002383,3248
2026-09-01,2002424,11847
2026-09-01,2002425,2624
2026-09-01,2002442,11726
2026-09-01,2002462,189
2026-09-01,2002477,4100
2026-09-01,2002479,8815
2026-09-01,2002496,4950
2026-09-01,2002599,1347
2026-09-01,2002646,1913
2026-09-01,2002859,38
2026-09-01,2003021,10929
2026-09-01,2003023,7286
2026-09-01,2003028,557
2026-09-01,2003163,645
2026-09-01,2004081,2890
2026-09-01,2005270,3382
2026-09-01,2005669,812
2026-09-01,2005943,290163
2026-09-01,2005962,16161
2026-09-01,2006205,317
2026-09-01,2006222,973
2026-09-01,2006449,754
2026-09-01,2006450,503
2026-09-01,2006655,3663
2026-09-01,2007120,572
2026-09-01,2009486,1732
2026-09-01,2009532,41129
2026-09-01,2009680,510
2026-09-01,2009880,30000
2026-09-01,2009951,498
2026-09-01,2009968,20000
2026-09-01,2010046,8064
2026-09-01,2010169,361
2026-09-01,2010185,8539
2026-09-01,2010241,37705
2026-09-01,2010277,2494
2026-09-01,2010374,558
2026-09-01,2010447,2721
2026-09-01,2010460,994
2026-09-01,2010461,994
2026-09-01,2010725,353
2026-09-01,2010886,2591
2026-09-01,2010962,761
2026-09-01,2010995,2397
2026-09-01,2011018,174980
2026-09-01,2011020,162
2026-09-01,2011071,57
2026-09-01,2011080,1952
2026-09-01,2011093,2
2026-09-01,2011232,5852
2026-09-01,2011275,14430
2026-09-01,2011276,8789
2026-09-01,2011297,36898
2026-09-01,2011827,24058
2026-09-01,2011849,2176170
2026-09-01,2011991,2319
2026-09-01,2012007,772
2026-09-01,2012035,185800
2026-09-01,2012104,2794
2026-09-01,2012141,2838
2026-09-01,2012142,46561
2026-09-01,2012143,20002
2026-09-01,2012174,5029
2026-09-01,2012208,30492
2026-09-01,2012226,28825
2026-09-01,2012314,56511
2026-09-01,2012455,9821
2026-09-01,2012487,146
2026-09-01,2012489,6
2026-09-01,2012497,6248
2026-09-01,2012499,6236
2026-09-01,2012505,1167
2026-09-01,2012506,867
2026-09-01,2012559,4356
2026-09-01,2012563,19186
2026-09-01,2012623,3158
2026-09-01,2012628,55816
2026-09-01,2012687,2925
2026-09-01,2012743,36598
2026-09-01,2012744,9416
2026-09-01,2012746,10085
2026-09-01,2012750,18950
2026-09-01,2012754,696
2026-09-01,2012761,18095
2026-09-01,2012922,28490
2026-09-01,2012923,5919
2026-09-01,2012959,7491
2026-09-01,2012962,10219
2026-09-01,2012964,9388
2026-09-01,2013230,476
2026-09-01,2013426,1751
2026-09-01,2013427,5946
2026-09-01,2013441,4364
2026-09-01,2013442,2480
2026-09-01,2013448,5728
2026-09-01,2013451,7366
2026-09-01,2013453,5728
2026-09-01,2013627,207
2026-09-01,2013640,14085
2026-09-01,2013682,4369
2026-09-01,2013683,2306
2026-09-01,2013730,2917
2026-09-01,2013760,9171
2026-09-01,2013902,2330
2026-09-01,2013946,4160
2026-09-01,2013974,560000
2026-09-01,2013997,760724
2026-09-01,2013998,362250
2026-09-01,2014036,9479
2026-09-01,2014110,12565
2026-09-01,2014181,28038
2026-09-01,2014236,350
2026-09-01,2014302,6650
2026-09-01,2014597,5300
2026-09-01,2014699,9982
2026-09-01,2014882,5577
2026-09-01,2014970,288501
2026-09-01,2015001,1487
2026-09-01,2015002,3934
2026-09-01,2015048,2494
2026-09-01,2015094,7639
2026-09-01,2015095,7709
2026-09-01,2015097,162
2026-09-01,2015099,1754
2026-09-01,2015347,6402
2026-09-01,2015541,22638
2026-09-01,2015563,4494
2026-09-01,2015564,2046
2026-09-01,2015606,1037
2026-09-01,2015746,3054
2026-09-01,2015762,1988
2026-09-01,2015808,7877
2026-09-01,2015822,5808
2026-09-01,2015994,2863
2026-09-01,2016152,3856
2026-09-01,2016156,5897
2026-09-01,2016177,2864
2026-09-01,2016181,16211
2026-09-01,2016185,5159
2026-09-01,2016188,6574
2026-09-01,2016192,2860
2026-09-01,2016208,4218
2026-09-01,2016217,12705
2026-09-01,2016261,11134
2026-09-01,2016263,8994
2026-09-01,2016281,3097
2026-09-01,2016302,3544
2026-09-01,2016437,249
2026-09-01,2016438,746
2026-09-01,2016491,3531
2026-09-01,2016557,486
2026-09-01,2016652,10039
2026-09-01,2016656,2200
2026-09-01,2017215,10270
2026-09-01,2017363,11176
2026-09-01,2017393,96
2026-09-01,2017394,112
2026-09-01,2017409,28
2026-09-01,2017410,14
2026-09-01,2017411,12
2026-09-01,2017413,32
2026-09-01,2017414,10
2026-09-01,2017464,6665
2026-09-01,2017501,8612
2026-09-01,2017502,2198
2026-09-01,2017536,18
2026-09-01,2017556,19243
2026-09-01,2017557,9079
2026-09-01,2017558,31545
2026-09-01,2017559,24486
2026-09-01,2017560,32
2026-09-01,2017565,34
2026-09-01,2017566,14
2026-09-01,2017569,89961
2026-09-01,2017570,487
2026-09-01,2017571,487
2026-09-01,2017591,32
2026-09-01,2017600,1050000
2026-09-01,2017685,15250
2026-09-01,2017743,2599
2026-09-01,2017880,16
2026-09-01,2017916,30492
2026-09-01,2018049,3388
2026-09-01,2018154,2340
2026-09-01,2018155,18823
2026-09-01,2018156,15108
2026-09-01,2018158,10000
2026-09-01,2018177,88287
2026-09-01,2018180,4
2026-09-01,2018181,6798
2026-09-01,2018217,3160
2026-09-01,2018254,201505
2026-09-01,2018263,6643
2026-09-01,2018379,27720
2026-09-01,2018485,190572
2026-09-01,2018565,4
2026-09-01,2018575,1988
2026-09-01,2018621,3905
2026-09-01,2018657,1822
2026-09-01,2018658,905
2026-09-01,2018659,1881
2026-09-01,2018660,5527
2026-09-01,2018661,1855
2026-09-01,2018782,90300
2026-09-01,2018783,45150
2026-09-01,2018891,486
2026-09-01,2018986,11852
2026-09-01,2019086,105000
2026-09-01,2019087,52500
2026-09-01,2019103,3438
2026-09-01,2019126,2354
2026-09-01,2019131,156328
2026-09-01,2019132,78164
2026-09-01,2019143,4509
2026-09-01,2019225,844
2026-09-01,2019381,35700
2026-09-01,2019382,17850
2026-09-01,2019386,53316
2026-09-01,2019387,26658
2026-09-01,2019392,7952
2026-09-01,2019613,5775
2026-09-01,2019655,3987
2026-09-01,2019895,8094
2026-09-01,2019896,210000
2026-09-01,2019897,105000
2026-09-01,2019916,855
2026-10-01,2000027,11858
2026-10-01,2000043,25376
2026-10-01,2000044,2388
2026-10-01,2000109,2433
2026-10-01,2000114,7359
2026-10-01,2000979,3560
2026-10-01,2000981,2313
2026-10-01,2001003,32775
2026-10-01,2001121,37122
2026-10-01,2001231,4633
2026-10-01,2001544,1663
2026-10-01,2001545,3118
2026-10-01,2001577,15410
2026-10-01,2001606,1261
2026-10-01,2001614,15099
2026-10-01,2001619,22162
2026-10-01,2001672,2970
2026-10-01,2001796,9872
2026-10-01,2002020,57202
2026-10-01,2002297,3718
2026-10-01,2002333,4462
2026-10-01,2002424,13821
2026-10-01,2002425,3498
2026-10-01,2002442,2792
2026-10-01,2002462,189
2026-10-01,2002496,4950
2026-10-01,2002599,1347
2026-10-01,2002646,1913
2026-10-01,2003023,7286
2026-10-01,2003073,1344
2026-10-01,2003163,370
2026-10-01,2003673,5752
2026-10-01,2004081,2408
2026-10-01,2004083,4426
2026-10-01,2004225,1202
2026-10-01,2004894,5046
2026-10-01,2005270,3382
2026-10-01,2005591,4510
2026-10-01,2005592,2321
2026-10-01,2005669,4030
2026-10-01,2005787,3907
2026-10-01,2005851,5000
2026-10-01,2005943,256854
2026-10-01,2006039,5032
2026-10-01,2006186,505
2026-10-01,2006222,973
2026-10-01,2006655,3663
2026-10-01,2007253,345
2026-10-01,2008405,570
2026-10-01,2008458,1818
2026-10-01,2009486,1732
2026-10-01,2009532,17626
2026-10-01,2009680,1224
2026-10-01,2009880,72000
2026-10-01,2009901,26400
2026-10-01,2009951,498
2026-10-01,2010100,591
2026-10-01,2010169,361
2026-10-01,2010190,3416
2026-10-01,2010239,173
2026-10-01,2010240,25
2026-10-01,2010241,33725
2026-10-01,2010253,392
2026-10-01,2010277,3532
2026-10-01,2010356,388
2026-10-01,2010374,558
2026-10-01,2010447,3628
2026-10-01,2010460,1491
2026-10-01,2010461,1491
2026-10-01,2010886,1801
2026-10-01,2010962,1141
2026-10-01,2010995,2397
2026-10-01,2011018,140172
2026-10-01,2011020,162
2026-10-01,2011071,85
2026-10-01,2011080,2344
2026-10-01,2011084,586
2026-10-01,2011093,2
2026-10-01,2011103,2973
2026-10-01,2011144,223
2026-10-01,2011232,13720
2026-10-01,2011275,14430
2026-10-01,2011276,8789
2026-10-01,2011297,39919
2026-10-01,2011579,1525
2026-10-01,2011799,23833
2026-10-01,2011822,3976
2026-10-01,2011827,23221
2026-10-01,2011849,2061725
2026-10-01,2011991,2319
2026-10-01,2011992,773
2026-10-01,2011993,2609
2026-10-01,2012007,1546
2026-10-01,2012035,176237
2026-10-01,2012104,2554
2026-10-01,2012141,2838
2026-10-01,2012142,55744
2026-10-01,2012143,18363
2026-10-01,2012208,30492
2026-10-01,2012226,27725
2026-10-01,2012314,94529
2026-10-01,2012326,1190
2026-10-01,2012333,514
2026-10-01,2012487,238
2026-10-01,2012499,31384
2026-10-01,2012500,17755
2026-10-01,2012559,4356
2026-10-01,2012563,17298
2026-10-01,2012618,977
2026-10-01,2012623,3158
2026-10-01,2012628,55816
2026-10-01,2012687,3413
2026-10-01,2012743,20333
2026-10-01,2012744,8560
2026-10-01,2012746,9850
2026-10-01,2012750,18950
2026-10-01,2012754,290
2026-10-01,2012761,18095
2026-10-01,2012809,6222
2026-10-01,2012922,25641
2026-10-01,2012923,5919
2026-10-01,2012959,14982
2026-10-01,2012964,9388
2026-10-01,2013005,707
2026-10-01,2013197,5287
2026-10-01,2013230,476
2026-10-01,2013426,1751
2026-10-01,2013427,6700
2026-10-01,2013441,4364
2026-10-01,2013442,2976
2026-10-01,2013448,5728
2026-10-01,2013451,7366
2026-10-01,2013453,6144
2026-10-01,2013640,14085
2026-10-01,2013682,14565
2026-10-01,2013683,9812
2026-10-01,2013730,2917
2026-10-01,2013760,3849
2026-10-01,2013903,3973
2026-10-01,2013974,1120000
2026-10-01,2013997,760724
2026-10-01,2013998,362250
2026-10-01,2014110,12565
2026-10-01,2014181,21028
2026-10-01,2014236,350
2026-10-01,2014247,173
2026-10-01,2014302,6650
2026-10-01,2014307,3506
2026-10-01,2014606,17082
2026-10-01,2014616,4897
2026-10-01,2014629,12162
2026-10-01,2014678,4069
2026-10-01,2014699,8623
2026-10-01,2014862,1536
2026-10-01,2014879,6479
2026-10-01,2014919,1194
2026-10-01,2014970,261753
2026-10-01,2014971,29205
2026-10-01,2015001,1784
2026-10-01,2015002,3934
2026-10-01,2015003,746
2026-10-01,2015094,4847
2026-10-01,2015095,12568
2026-10-01,2015166,390
2026-10-01,2015203,2284
2026-10-01,2015347,7469
2026-10-01,2015541,11319
2026-10-01,2015746,3182
2026-10-01,2015748,9478
2026-10-01,2015751,5954
2026-10-01,2015762,1988
2026-10-01,2015783,516
2026-10-01,2015808,7877
2026-10-01,2015949,3104
2026-10-01,2015950,947
2026-10-01,2015976,4008
2026-10-01,2015995,4448
2026-10-01,2016152,3856
2026-10-01,2016156,4865
2026-10-01,2016177,2864
2026-10-01,2016180,6100
2026-10-01,2016181,3259
2026-10-01,2016185,4422
2026-10-01,2016188,3702
2026-10-01,2016208,4218
2026-10-01,2016217,10857
2026-10-01,2016218,2032
2026-10-01,2016253,1714
2026-10-01,2016261,11134
2026-10-01,2016263,8994
2026-10-01,2016271,2594
2026-10-01,2016281,3097
2026-10-01,2016302,3544
2026-10-01,2016317,9416
2026-10-01,2016437,249
2026-10-01,2016438,746
2026-10-01,2016510,17678
2026-10-01,2016549,412
2026-10-01,2016557,1034
2026-10-01,2016652,10039
2026-10-01,2016776,1570
2026-10-01,2016815,227
2026-10-01,2016940,8052
2026-10-01,2016971,6738
2026-10-01,2017052,1132
2026-10-01,2017053,51410
2026-10-01,2017215,10270
2026-10-01,2017363,16764
2026-10-01,2017393,96
2026-10-01,2017394,120
2026-10-01,2017395,20
2026-10-01,2017409,38
2026-10-01,2017411,12
2026-10-01,2017413,22
2026-10-01,2017414,14
2026-10-01,2017422,10000
2026-10-01,2017464,6665
2026-10-01,2017501,8612
2026-10-01,2017536,18
2026-10-01,2017540,2703
2026-10-01,2017543,8
2026-10-01,2017556,22114
2026-10-01,2017557,9866
2026-10-01,2017558,41618
2026-10-01,2017559,26118
2026-10-01,2017560,36
2026-10-01,2017569,89961
2026-10-01,2017570,487
2026-10-01,2017571,487
2026-10-01,2017591,56
2026-10-01,2017592,14
2026-10-01,2017600,1050000
2026-10-01,2017654,2956
2026-10-01,2017685,35582
2026-10-01,2017743,2599
2026-10-01,2017880,30
2026-10-01,2017946,44624
2026-10-01,2017947,22312
2026-10-01,2018154,2340
2026-10-01,2018155,18823
2026-10-01,2018157,16018
2026-10-01,2018158,10000
2026-10-01,2018177,77245
2026-10-01,2018180,4
2026-10-01,2018181,6798
2026-10-01,2018217,3160
2026-10-01,2018254,184823
2026-10-01,2018263,6643
2026-10-01,2018379,36960
2026-10-01,2018481,24290
2026-10-01,2018482,12145
2026-10-01,2018485,180975
2026-10-01,2018565,4
2026-10-01,2018575,1988
2026-10-01,2018621,3905
2026-10-01,2018657,1822
2026-10-01,2018658,905
2026-10-01,2018659,1881
2026-10-01,2018660,5527
2026-10-01,2018661,1855
2026-10-01,2018782,90300
2026-10-01,2018783,45150
2026-10-01,2018986,9482
2026-10-01,2019086,105000
2026-10-01,2019087,52500
2026-10-01,2019126,7062
2026-10-01,2019131,156328
2026-10-01,2019132,78164
2026-10-01,2019225,3375
2026-10-01,2019386,53316
2026-10-01,2019387,26658
2026-10-01,2019613,11550
2026-10-01,2019624,56132
2026-10-01,2019625,28066
2026-10-01,2019655,3987
2026-10-01,2019825,380622
2026-10-01,2019826,190311
2026-10-01,2019827,190311
2026-10-01,2019890,14632
2026-10-01,2019891,7316
2026-10-01,2019910,56536
2026-10-01,2019911,28268
2026-10-01,2019916,855
2026-11-01,2000027,18674
2026-11-01,2000043,24872
2026-11-01,2000044,1836
2026-11-01,2000109,1521
2026-11-01,2000979,2719
2026-11-01,2000981,1939
2026-11-01,2001003,35922
2026-11-01,2001121,46173
2026-11-01,2001231,7793
2026-11-01,2001544,1663
2026-11-01,2001545,3118
2026-11-01,2001577,15410
2026-11-01,2001604,7260
2026-11-01,2001606,1408
2026-11-01,2001614,6039
2026-11-01,2001619,18123
2026-11-01,2001796,9872
2026-11-01,2002020,73240
2026-11-01,2002234,1344
2026-11-01,2002297,3718
2026-11-01,2002383,1082
2026-11-01,2002424,15006
2026-11-01,2002425,2624
2026-11-01,2002431,4413
2026-11-01,2002442,56394
2026-11-01,2002462,126
2026-11-01,2002477,5312
2026-11-01,2002479,10373
2026-11-01,2002496,4950
2026-11-01,2002599,1347
2026-11-01,2002859,38
2026-11-01,2003021,10929
2026-11-01,2003023,7286
2026-11-01,2003163,920
2026-11-01,2004081,3036
2026-11-01,2004894,5046
2026-11-01,2004947,4
2026-11-01,2004955,6710
2026-11-01,2005270,2255
2026-11-01,2005591,4510
2026-11-01,2005592,2321
2026-11-01,2005669,812
2026-11-01,2005787,3907
2026-11-01,2005943,208141
2026-11-01,2006186,505
2026-11-01,2006205,554
2026-11-01,2006222,973
2026-11-01,2006655,3663
2026-11-01,2007120,572
2026-11-01,2009486,1732
2026-11-01,2009532,47002
2026-11-01,2009680,1224
2026-11-01,2009880,72000
2026-11-01,2009901,26400
2026-11-01,2009951,747
2026-11-01,2009968,35000
2026-11-01,2010031,751
2026-11-01,2010131,188
2026-11-01,2010134,188
2026-11-01,2010238,342
2026-11-01,2010240,350
2026-11-01,2010241,21876
2026-11-01,2010277,3385
2026-11-01,2010360,155
2026-11-01,2010361,155
2026-11-01,2010374,558
2026-11-01,2010447,2763
2026-11-01,2010460,1491
2026-11-01,2010461,1491
2026-11-01,2010465,18
2026-11-01,2010725,706
2026-11-01,2010886,1801
2026-11-01,2010962,1297
2026-11-01,2010995,2397
2026-11-01,2011018,206027
2026-11-01,2011020,162
2026-11-01,2011071,115
2026-11-01,2011080,1172
2026-11-01,2011103,892
2026-11-01,2011232,8495
2026-11-01,2011275,14430
2026-11-01,2011276,8789
2026-11-01,2011297,15107
2026-11-01,2011799,23833
2026-11-01,2011827,25104
2026-11-01,2011849,2153715
2026-11-01,2011912,811
2026-11-01,2012035,169679
2026-11-01,2012104,1922
2026-11-01,2012141,2838
2026-11-01,2012142,37986
2026-11-01,2012143,22622
2026-11-01,2012154,7344
2026-11-01,2012208,30492
2026-11-01,2012226,29925
2026-11-01,2012314,20212
2026-11-01,2012333,514
2026-11-01,2012357,595
2026-11-01,2012487,238
2026-11-01,2012488,8
2026-11-01,2012497,11754
2026-11-01,2012499,23898
2026-11-01,2012505,1167
2026-11-01,2012506,867
2026-11-01,2012512,17770
2026-11-01,2012559,4356
2026-11-01,2012563,16368
2026-11-01,2012623,3158
2026-11-01,2012628,55816
2026-11-01,2012687,3169
2026-11-01,2012743,22702
2026-11-01,2012744,10270
2026-11-01,2012746,9244
2026-11-01,2012750,18950
2026-11-01,2012761,18095
2026-11-01,2012922,27927
2026-11-01,2012923,5919
2026-11-01,2012959,14982
2026-11-01,2012962,10219
2026-11-01,2012964,9388
2026-11-01,2013230,476
2026-11-01,2013347,3778
2026-11-01,2013348,5082
2026-11-01,2013426,1751
2026-11-01,2013427,4694
2026-11-01,2013441,5052
2026-11-01,2013442,2480
2026-11-01,2013448,6410
2026-11-01,2013451,8048
2026-11-01,2013453,5456
2026-11-01,2013640,14085
2026-11-01,2013682,7282
2026-11-01,2013683,10087
2026-11-01,2013684,5215
2026-11-01,2013686,3111
2026-11-01,2013730,2917
2026-11-01,2013760,5918
2026-11-01,2013961,673
2026-11-01,2013974,560000
2026-11-01,2013997,760724
2026-11-01,2013998,362250
2026-11-01,2014036,14642
2026-11-01,2014110,12565
2026-11-01,2014181,24533
2026-11-01,2014236,420
2026-11-01,2014302,6650
2026-11-01,2014618,6098
2026-11-01,2014699,23386
2026-11-01,2014882,13013
2026-11-01,2014919,4184
2026-11-01,2014920,1452
2026-11-01,2014970,299500
2026-11-01,2015001,892
2026-11-01,2015002,3934
2026-11-01,2015094,7639
2026-11-01,2015095,12568
2026-11-01,2015096,283
2026-11-01,2015166,390
2026-11-01,2015203,2284
2026-11-01,2015347,7469
2026-11-01,2015541,27824
2026-11-01,2015746,3182
2026-11-01,2015748,3948
2026-11-01,2015783,516
2026-11-01,2015808,7877
2026-11-01,2015994,2863
2026-11-01,2016152,3856
2026-11-01,2016156,5159
2026-11-01,2016177,2455
2026-11-01,2016181,8762
2026-11-01,2016182,1386
2026-11-01,2016185,5159
2026-11-01,2016188,3702
2026-11-01,2016207,2398
2026-11-01,2016208,4218
2026-11-01,2016216,3738
2026-11-01,2016217,12116
2026-11-01,2016261,11134
2026-11-01,2016262,1772
2026-11-01,2016263,8994
2026-11-01,2016264,5876
2026-11-01,2016281,3097
2026-11-01,2016302,3544
2026-11-01,2016437,124
2026-11-01,2016438,373
2026-11-01,2016491,3531
2026-11-01,2016549,412
2026-11-01,2016557,486
2026-11-01,2016652,10039
2026-11-01,2016918,8668
2026-11-01,2016940,8052
2026-11-01,2016971,6738
2026-11-01,2017138,3138
2026-11-01,2017215,10270
2026-11-01,2017258,4098
2026-11-01,2017363,15646
2026-11-01,2017393,96
2026-11-01,2017394,112
2026-11-01,2017409,40
2026-11-01,2017410,4
2026-11-01,2017411,8
2026-11-01,2017412,8
2026-11-01,2017413,32
2026-11-01,2017414,10
2026-11-01,2017425,12496
2026-11-01,2017464,6665
2026-11-01,2017501,8612
2026-11-01,2017502,2442
2026-11-01,2017536,18
2026-11-01,2017540,4595
2026-11-01,2017556,21325
2026-11-01,2017557,11387
2026-11-01,2017558,36599
2026-11-01,2017559,28203
2026-11-01,2017560,40
2026-11-01,2017565,40
2026-11-01,2017566,18
2026-11-01,2017570,731
2026-11-01,2017571,731
2026-11-01,2017591,62
2026-11-01,2017592,14
2026-11-01,2017600,1050000
2026-11-01,2017685,30496
2026-11-01,2017743,2599
2026-11-01,2017750,26
2026-11-01,2017880,30
2026-11-01,2017891,44520
2026-11-01,2017892,22260
2026-11-01,2017916,30492
2026-11-01,2018049,3388
2026-11-01,2018154,2340
2026-11-01,2018155,18823
2026-11-01,2018156,15108
2026-11-01,2018158,10000
2026-11-01,2018170,3063
2026-11-01,2018177,63183
2026-11-01,2018181,6798
2026-11-01,2018198,19864
2026-11-01,2018217,3160
2026-11-01,2018254,230993
2026-11-01,2018263,6643
2026-11-01,2018341,6259
2026-11-01,2018379,27720
2026-11-01,2018388,2
2026-11-01,2018483,21508
2026-11-01,2018484,10754
2026-11-01,2018485,202293
2026-11-01,2018521,28820
2026-11-01,2018522,14410
2026-11-01,2018657,1822
2026-11-01,2018658,905
2026-11-01,2018659,1881
2026-11-01,2018660,5527
2026-11-01,2018661,1855
2026-11-01,2018782,90300
2026-11-01,2018783,45150
2026-11-01,2018856,49048
2026-11-01,2018857,24524
2026-11-01,2018891,486
2026-11-01,2019086,105000
2026-11-01,2019087,52500
2026-11-01,2019126,7062
2026-11-01,2019491,876
2026-11-01,2019492,876
2026-11-01,2019495,42000
2026-11-01,2019496,21000
2026-11-01,2019613,5775
2026-11-01,2019825,380622
2026-11-01,2019826,190311
2026-11-01,2019827,190311
2026-11-01,2019895,8094
2026-11-01,2019896,210000
2026-11-01,2019897,105000
2026-11-01,2019916,428
2026-12-01,2000019,2618
2026-12-01,2000027,8470
2026-12-01,2000043,31856
2026-12-01,2000109,2433
2026-12-01,2000114,7359
2026-12-01,2000979,3205
2026-12-01,2000981,1229
2026-12-01,2001003,30249
2026-12-01,2001121,41070
2026-12-01,2001231,5109
2026-12-01,2001544,1663
2026-12-01,2001545,3118
2026-12-01,2001577,3161
2026-12-01,2001606,904
2026-12-01,2001614,7248
2026-12-01,2001619,18414
2026-12-01,2001796,5923
2026-12-01,2002020,62548
2026-12-01,2002297,3718
2026-12-01,2002330,5576
2026-12-01,2002333,4462
2026-12-01,2002424,13821
2026-12-01,2002425,1748
2026-12-01,2002442,16192
2026-12-01,2002462,151
2026-12-01,2002496,4950
2026-12-01,2002599,1347
2026-12-01,2002859,38
2026-12-01,2003023,7286
2026-12-01,2003163,645
2026-12-01,2003556,6094
2026-12-01,2003673,5752
2026-12-01,2004081,2408
2026-12-01,2004083,4026
2026-12-01,2004225,1202
2026-12-01,2004894,5046
2026-12-01,2004955,6710
2026-12-01,2005270,2706
2026-12-01,2005450,175
2026-12-01,2005669,812
2026-12-01,2005943,257837
2026-12-01,2005962,6926
2026-12-01,2005963,4900
2026-12-01,2006222,973
2026-12-01,2006449,754
2026-12-01,2006450,503
2026-12-01,2006655,3663
2026-12-01,2007120,1287
2026-12-01,2008405,570
2026-12-01,2009486,1732
2026-12-01,2009517,354
2026-12-01,2009518,354
2026-12-01,2009532,11752
2026-12-01,2009680,340
2026-12-01,2009880,20000
2026-12-01,2009951,498
2026-12-01,2010169,328
2026-12-01,2010241,29376
2026-12-01,2010277,3117
2026-12-01,2010374,558
2026-12-01,2010447,2679
2026-12-01,2010460,3365
2026-12-01,2010461,3365
2026-12-01,2010725,524
2026-12-01,2010791,437
2026-12-01,2010886,2180
2026-12-01,2010911,1609
2026-12-01,2010995,2397
2026-12-01,2011018,146334
2026-12-01,2011020,162
2026-12-01,2011071,102
2026-12-01,2011080,3516
2026-12-01,2011093,2
2026-12-01,2011103,2973
2026-12-01,2011232,15029
2026-12-01,2011275,14430
2026-12-01,2011276,8789
2026-12-01,2011297,20570
2026-12-01,2011799,16324
2026-12-01,2011827,27196
2026-12-01,2011849,1419035
2026-12-01,2012035,198477
2026-12-01,2012104,2626
2026-12-01,2012141,2838
2026-12-01,2012142,46002
2026-12-01,2012143,21622
2026-12-01,2012174,3913
2026-12-01,2012208,30492
2026-12-01,2012226,27175
2026-12-01,2012314,79870
2026-12-01,2012317,4470
2026-12-01,2012333,514
2026-12-01,2012336,262
2026-12-01,2012487,119
2026-12-01,2012489,6
2026-12-01,2012505,1167
2026-12-01,2012506,867
2026-12-01,2012559,4356
2026-12-01,2012563,17675
2026-12-01,2012623,3158
2026-12-01,2012628,55816
2026-12-01,2012687,2925
2026-12-01,2012743,14573
2026-12-01,2012744,10698
2026-12-01,2012746,11306
2026-12-01,2012750,18950
2026-12-01,2012754,696
2026-12-01,2012761,30158
2026-12-01,2012809,2889
2026-12-01,2012922,28496
2026-12-01,2012923,6375
2026-12-01,2012964,9388
2026-12-01,2013005,506
2026-12-01,2013169,27266
2026-12-01,2013230,476
2026-12-01,2013426,4378
2026-12-01,2013427,5602
2026-12-01,2013441,5728
2026-12-01,2013442,2480
2026-12-01,2013448,7092
2026-12-01,2013451,8730
2026-12-01,2013453,6820
2026-12-01,2013640,14085
2026-12-01,2013682,17477
2026-12-01,2013683,14135
2026-12-01,2013730,2917
2026-12-01,2013760,2959
2026-12-01,2013974,1120000
2026-12-01,2013990,1722
2026-12-01,2013997,760724
2026-12-01,2013998,362250
2026-12-01,2014110,15074
2026-12-01,2014181,24533
2026-12-01,2014236,352
2026-12-01,2014302,6650
2026-12-01,2014597,5300
2026-12-01,2014629,12162
2026-12-01,2014678,4066
2026-12-01,2014699,8623
2026-12-01,2014970,194736
2026-12-01,2014971,19472
2026-12-01,2015001,2676
2026-12-01,2015002,3934
2026-12-01,2015048,2484
2026-12-01,2015094,7639
2026-12-01,2015095,6284
2026-12-01,2015097,162
2026-12-01,2015347,4268
2026-12-01,2015541,11319
2026-12-01,2015563,3146
2026-12-01,2015746,3182
2026-12-01,2015751,6804
2026-12-01,2015808,7877
2026-12-01,2015949,3104
2026-12-01,2015976,4005
2026-12-01,2016152,3856
2026-12-01,2016156,5897
2026-12-01,2016177,3478
2026-12-01,2016180,6100
2026-12-01,2016181,5840
2026-12-01,2016184,19480
2026-12-01,2016185,5159
2026-12-01,2016188,3702
2026-12-01,2016208,4218
2026-12-01,2016217,8085
2026-12-01,2016261,11134
2026-12-01,2016263,8994
2026-12-01,2016281,3097
2026-12-01,2016302,3544
2026-12-01,2016437,249
2026-12-01,2016438,746
2026-12-01,2016510,17678
2026-12-01,2016557,548
2026-12-01,2016652,10039
2026-12-01,2016656,220
2026-12-01,2016776,1570
2026-12-01,2017215,10270
2026-12-01,2017363,16764
2026-12-01,2017393,96
2026-12-01,2017394,138
2026-12-01,2017409,46
2026-12-01,2017411,10
2026-12-01,2017413,32
2026-12-01,2017414,6
2026-12-01,2017464,6665
2026-12-01,2017501,8612
2026-12-01,2017536,18
2026-12-01,2017540,6757
2026-12-01,2017556,20930
2026-12-01,2017557,11765
2026-12-01,2017558,32469
2026-12-01,2017559,28203
2026-12-01,2017560,36
2026-12-01,2017570,487
2026-12-01,2017571,487
2026-12-01,2017591,40
2026-12-01,2017600,1050000
2026-12-01,2017608,1000
2026-12-01,2017654,2958
2026-12-01,2017685,25414
2026-12-01,2017743,2599
2026-12-01,2017750,26
2026-12-01,2017946,44624
2026-12-01,2017947,22312
2026-12-01,2017968,562
2026-12-01,2017969,20140
2026-12-01,2018154,2340
2026-12-01,2018155,18823
2026-12-01,2018158,10000
2026-12-01,2018165,8687
2026-12-01,2018177,79400
2026-12-01,2018181,6798
2026-12-01,2018217,3160
2026-12-01,2018254,179885
2026-12-01,2018263,6643
2026-12-01,2018341,6259
2026-12-01,2018379,27720
2026-12-01,2018485,195338
2026-12-01,2018657,1822
2026-12-01,2018658,905
2026-12-01,2018659,1881
2026-12-01,2018660,5527
2026-12-01,2018661,1855
2026-12-01,2018782,90300
2026-12-01,2018783,45150
2026-12-01,2018986,23705
2026-12-01,2019225,1687
2026-12-01,2019386,21326
2026-12-01,2019387,10663
2026-12-01,2019613,11550
2027-01-01,2000109,1521
2027-01-01,2000979,357
2027-01-01,2000981,1050
2027-01-01,2001003,9507
2027-01-01,2001231,2396
2027-01-01,2001577,8668
2027-01-01,2001606,315
2027-01-01,2002020,79822
2027-01-01,2002297,3718
2027-01-01,2002442,12440
2027-01-01,2002599,1347
2027-01-01,2002859,38
2027-01-01,2003028,557
2027-01-01,2003073,3426
2027-01-01,2003163,920
2027-01-01,2003554,5692
2027-01-01,2003556,4063
2027-01-01,2003673,1840
2027-01-01,2004876,4818
2027-01-01,2004955,6710
2027-01-01,2005669,406
2027-01-01,2005943,4113
2027-01-01,2006039,5106
2027-01-01,2006222,649
2027-01-01,2006449,754
2027-01-01,2006450,503
2027-01-01,2006451,754
2027-01-01,2006655,2930
2027-01-01,2007120,686
2027-01-01,2007253,345
2027-01-01,2007573,5546
2027-01-01,2009486,1732
2027-01-01,2009532,29377
2027-01-01,2009774,1213
2027-01-01,2010131,94
2027-01-01,2010240,350
2027-01-01,2010277,2494
2027-01-01,2010356,364
2027-01-01,2010360,247
2027-01-01,2010361,247
2027-01-01,2010374,558
2027-01-01,2010460,1491
2027-01-01,2010461,1491
2027-01-01,2010725,524
2027-01-01,2010886,2393
2027-01-01,2010962,1116
2027-01-01,2010995,2397
2027-01-01,2011275,9425
2027-01-01,2011276,5354
2027-01-01,2011799,16455
2027-01-01,2011849,1361650
2027-01-01,2012007,772
2027-01-01,2012141,135
2027-01-01,2012142,3603
2027-01-01,2012208,47644
2027-01-01,2012333,514
2027-01-01,2012489,6
2027-01-01,2012496,25338
2027-01-01,2012499,12474
2027-01-01,2012500,26463
2027-01-01,2012505,584
2027-01-01,2012506,434
2027-01-01,2012560,16104
2027-01-01,2012563,836
2027-01-01,2012623,3158
2027-01-01,2012750,18950
2027-01-01,2012754,290
2027-01-01,2012964,9388
2027-01-01,2013205,17668
2027-01-01,2013348,2482
2027-01-01,2013349,6302
2027-01-01,2013413,516
2027-01-01,2013426,1751
2027-01-01,2013441,5052
2027-01-01,2013448,7092
2027-01-01,2013451,8730
2027-01-01,2013453,6416
2027-01-01,2013627,828
2027-01-01,2013640,12248
2027-01-01,2013730,2917
2027-01-01,2013997,661500
2027-01-01,2013998,315000
2027-01-01,2014110,1575
2027-01-01,2014302,6650
2027-01-01,2014699,3524
2027-01-01,2014970,161839
2027-01-01,2015094,7639
2027-01-01,2015097,162
2027-01-01,2015808,7877
2027-01-01,2015949,3104
2027-01-01,2015950,628
2027-01-01,2016152,1928
2027-01-01,2016180,10048
2027-01-01,2016207,4672
2027-01-01,2016216,4112
2027-01-01,2016271,566
2027-01-01,2016302,886
2027-01-01,2016437,149
2027-01-01,2016438,447
2027-01-01,2016529,516
2027-01-01,2016557,604
2027-01-01,2016652,11136
2027-01-01,2016656,220
2027-01-01,2016918,2168
2027-01-01,2017072,2
2027-01-01,2017331,46
2027-01-01,2017332,22
2027-01-01,2017393,96
2027-01-01,2017464,6665
2027-01-01,2017501,8612
2027-01-01,2017536,60
2027-01-01,2017569,22017
2027-01-01,2017685,10164
2027-01-01,2017743,2599
2027-01-01,2017891,44520
2027-01-01,2017892,22260
2027-01-01,2017946,44624
2027-01-01,2017947,22312
2027-01-01,2018154,2340
2027-01-01,2018198,24412
2027-01-01,2018485,67316
2027-01-01,2018727,15858
2027-01-01,2018782,90300
2027-01-01,2018783,45150
2027-01-01,2019086,105000
2027-01-01,2019087,52500
2027-01-01,2019131,187594
2027-01-01,2019132,93797
2027-01-01,2019206,187594
2027-01-01,2019207,93797
2027-01-01,2019225,1687
2027-01-01,2019386,106632
2027-01-01,2019387,53316
2027-01-01,2019655,9568
2027-01-01,2019825,380622
2027-01-01,2019826,190311
2027-01-01,2019827,190311
2027-02-01,2000043,5644
2027-02-01,2000979,578
2027-02-01,2000981,1752
2027-02-01,2001003,8834
2027-02-01,2001121,26853
2027-02-01,2001231,3581
2027-02-01,2001247,3948
2027-02-01,2001577,12248
2027-02-01,2001606,1047
2027-02-01,2001614,12078
2027-02-01,2001672,2970
2027-02-01,2001796,7930
2027-02-01,2002020,69498
2027-02-01,2002283,5762
2027-02-01,2002297,3718
2027-02-01,2002383,1804
2027-02-01,2002431,4413
2027-02-01,2002442,16565
2027-02-01,2002496,4950
2027-02-01,2003163,739
2027-02-01,2003673,9553
2027-02-01,2004876,4818
2027-02-01,2004946,14
2027-02-01,2004947,38
2027-02-01,2005591,6764
2027-02-01,2005592,6963
2027-02-01,2005943,4113
2027-02-01,2006020,3382
2027-02-01,2006021,3382
2027-02-01,2006222,1784
2027-02-01,2006450,804
2027-02-01,2006655,1538
2027-02-01,2007120,1454
2027-02-01,2009486,1732
2027-02-01,2009517,742
2027-02-01,2009518,742
2027-02-01,2009532,8813
2027-02-01,2009680,680
2027-02-01,2009774,1213
2027-02-01,2009880,40000
2027-02-01,2009951,1644
2027-02-01,2009993,4510
2027-02-01,2010131,188
2027-02-01,2010185,6831
2027-02-01,2010253,392
2027-02-01,2010277,2784
2027-02-01,2010360,741
2027-02-01,2010361,741
2027-02-01,2010374,558
2027-02-01,2010460,994
2027-02-01,2010461,994
2027-02-01,2010465,18
2027-02-01,2010886,3159
2027-02-01,2010995,2397
2027-02-01,2011071,81
2027-02-01,2011103,3865
2027-02-01,2011275,14430
2027-02-01,2011276,8789
2027-02-01,2011329,107858
2027-02-01,2011799,16324
2027-02-01,2011822,3976
2027-02-01,2011849,950460
2027-02-01,2011987,121
2027-02-01,2011991,2319
2027-02-01,2011992,773
2027-02-01,2011993,773
2027-02-01,2012007,2996
2027-02-01,2012141,135
2027-02-01,2012142,6081
2027-02-01,2012208,7623
2027-02-01,2012333,3238
2027-02-01,2012488,8
2027-02-01,2012496,50674
2027-02-01,2012497,10934
2027-02-01,2012499,24368
2027-02-01,2012505,1167
2027-02-01,2012506,867
2027-02-01,2012559,4356
2027-02-01,2012563,6270
2027-02-01,2012623,3158
2027-02-01,2012628,8813
2027-02-01,2012687,1755
2027-02-01,2012750,18950
2027-02-01,2012841,297
2027-02-01,2012959,40951
2027-02-01,2012964,9388
2027-02-01,2013205,17668
2027-02-01,2013348,3540
2027-02-01,2013426,1751
2027-02-01,2013441,4364
2027-02-01,2013442,149
2027-02-01,2013448,5728
2027-02-01,2013451,7366
2027-02-01,2013453,5730
2027-02-01,2013627,828
2027-02-01,2013640,16841
2027-02-01,2013730,2917
2027-02-01,2013974,1120000
2027-02-01,2013997,661500
2027-02-01,2013998,315000
2027-02-01,2014036,6126
2027-02-01,2014236,2100
2027-02-01,2014247,1387
2027-02-01,2014302,6650
2027-02-01,2014307,3506
2027-02-01,2014517,1009
2027-02-01,2014525,248062
2027-02-01,2014526,118125
2027-02-01,2014629,23890
2027-02-01,2014699,31984
2027-02-01,2014879,6479
2027-02-01,2015094,4847
2027-02-01,2015096,283
2027-02-01,2015166,1948
2027-02-01,2015203,2284
2027-02-01,2015599,305
2027-02-01,2015743,3948
2027-02-01,2015748,3948
2027-02-01,2015808,3636
2027-02-01,2016152,1928
2027-02-01,2016158,22506
2027-02-01,2016188,6574
2027-02-01,2016217,852
2027-02-01,2016218,2032
2027-02-01,2016302,3544
2027-02-01,2016347,1966
2027-02-01,2016437,348
2027-02-01,2016438,1044
2027-02-01,2016529,4950
2027-02-01,2016549,1233
2027-02-01,2016552,683
2027-02-01,2016553,1331
2027-02-01,2016652,10039
2027-02-01,2016656,739
2027-02-01,2016771,12876
2027-02-01,2016833,2156
2027-02-01,2016940,8052
2027-02-01,2016971,6738
2027-02-01,2017072,3084
2027-02-01,2017331,67834
2027-02-01,2017332,32302
2027-02-01,2017393,96
2027-02-01,2017464,2500
2027-02-01,2017501,8612
2027-02-01,2017543,8
2027-02-01,2017569,22017
2027-02-01,2017592,14
2027-02-01,2017608,1000
2027-02-01,2017631,12
2027-02-01,2017685,10164
2027-02-01,2017743,2599
2027-02-01,2017810,859
2027-02-01,2017811,22410
2027-02-01,2017812,11205
2027-02-01,2017880,82
2027-02-01,2017881,138
2027-02-01,2017946,42000
2027-02-01,2017947,21000
2027-02-01,2018154,2340
2027-02-01,2018165,13574
2027-02-01,2018538,69300
2027-02-01,2018539,34650
2027-02-01,2018725,116230
2027-02-01,2018726,58115
2027-02-01,2018727,15858
2027-02-01,2018782,67724
2027-02-01,2018783,33862
2027-02-01,2018986,11852
2027-02-01,2019086,105000
2027-02-01,2019087,52500
2027-02-01,2019126,7062
2027-02-01,2019225,1687
2027-02-01,2019238,454
2027-02-01,2019239,34884
2027-02-01,2019240,17442
2027-02-01,2019386,127958
2027-02-01,2019387,63979
2027-02-01,2019624,24750
2027-02-01,2019625,12375
2027-02-01,2019890,14632
2027-02-01,2019891,7316
2027-02-01,2019916,428
2027-03-01,2000027,5122
2027-03-01,2000109,1521
2027-03-01,2000981,2042
2027-03-01,2001003,14442
2027-03-01,2001121,24483
2027-03-01,2001231,2490
2027-03-01,2001247,3948
2027-03-01,2001577,12248
2027-03-01,2001672,2970
2027-03-01,2001796,3949
2027-03-01,2002020,51856
2027-03-01,2002234,1344
2027-03-01,2002297,3718
2027-03-01,2002383,1804
2027-03-01,2002442,7259
2027-03-01,2002479,8891
2027-03-01,2002496,4950
2027-03-01,2002859,38
2027-03-01,2003028,557
2027-03-01,2003073,3056
2027-03-01,2003673,10949
2027-03-01,2004095,2565
2027-03-01,2004225,140
2027-03-01,2004894,5046
2027-03-01,2004955,6710
2027-03-01,2005591,6764
2027-03-01,2005592,6963
2027-03-01,2005669,1624
2027-03-01,2005787,3907
2027-03-01,2005851,3000
2027-03-01,2005943,4113
2027-03-01,2006020,3382
2027-03-01,2006021,3382
2027-03-01,2006186,379
2027-03-01,2006222,973
2027-03-01,2006449,754
2027-03-01,2006450,503
2027-03-01,2006451,754
2027-03-01,2006655,5641
2027-03-01,2009486,1732
2027-03-01,2009532,29377
2027-03-01,2009680,510
2027-03-01,2009880,30000
2027-03-01,2009901,19800
2027-03-01,2009951,498
2027-03-01,2010134,188
2027-03-01,2010277,2078
2027-03-01,2010356,1551
2027-03-01,2010360,247
2027-03-01,2010361,247
2027-03-01,2010374,558
2027-03-01,2010460,1377
2027-03-01,2010461,1377
2027-03-01,2010853,174
2027-03-01,2010885,13574
2027-03-01,2010886,15375
2027-03-01,2010962,2662
2027-03-01,2010995,2397
2027-03-01,2011275,14430
2027-03-01,2011276,8789
2027-03-01,2011579,2309
2027-03-01,2011799,32779
2027-03-01,2011820,1988
2027-03-01,2011822,1988
2027-03-01,2011849,447045
2027-03-01,2011991,2319
2027-03-01,2011992,2609
2027-03-01,2011993,2609
2027-03-01,2012141,135
2027-03-01,2012142,3603
2027-03-01,2012148,708
2027-03-01,2012208,30492
2027-03-01,2012426,1877
2027-03-01,2012488,8
2027-03-01,2012489,6
2027-03-01,2012496,50674
2027-03-01,2012499,24368
2027-03-01,2012500,26463
2027-03-01,2012559,4356
2027-03-01,2012563,6270
2027-03-01,2012623,3158
2027-03-01,2012687,3413
2027-03-01,2012750,18950
2027-03-01,2012754,1450
2027-03-01,2012929,338
2027-03-01,2012964,9388
2027-03-01,2013348,4150
2027-03-01,2013426,1751
2027-03-01,2013441,5052
2027-03-01,2013442,2976
2027-03-01,2013448,7092
2027-03-01,2013451,8730
2027-03-01,2013453,6416
2027-03-01,2013640,18678
2027-03-01,2013730,1667
2027-03-01,2013961,673
2027-03-01,2013974,952000
2027-03-01,2013997,760724
2027-03-01,2013998,362250
2027-03-01,2014236,700
2027-03-01,2014302,6650
2027-03-01,2014517,1682
2027-03-01,2014525,248062
2027-03-01,2014526,118125
2027-03-01,2014618,7623
2027-03-01,2014699,7433
2027-03-01,2014862,1536
2027-03-01,2014882,7436
2027-03-01,2015094,7639
2027-03-01,2015096,283
2027-03-01,2015097,162
2027-03-01,2015203,2284
2027-03-01,2015743,3948
2027-03-01,2015762,1988
2027-03-01,2015808,7877
2027-03-01,2015995,151
2027-03-01,2016158,22506
2027-03-01,2016179,12664
2027-03-01,2016180,10048
2027-03-01,2016188,6574
2027-03-01,2016253,1714
2027-03-01,2016302,3544
2027-03-01,2016317,9416
2027-03-01,2016347,3278
2027-03-01,2016437,124
2027-03-01,2016438,373
2027-03-01,2016510,25286
2027-03-01,2016552,525
2027-03-01,2016553,1023
2027-03-01,2016557,712
2027-03-01,2016656,220
2027-03-01,2016838,3718
2027-03-01,2016940,8052
2027-03-01,2016971,6738
2027-03-01,2017052,1415
2027-03-01,2017053,64262
2027-03-01,2017072,4981
2027-03-01,2017215,205
2027-03-01,2017331,109576
2027-03-01,2017332,52179
2027-03-01,2017393,96
2027-03-01,2017464,2500
2027-03-01,2017501,8612
2027-03-01,2017543,4
2027-03-01,2017565,34
2027-03-01,2017569,133287
2027-03-01,2017570,244
2027-03-01,2017571,244
2027-03-01,2017600,21000
2027-03-01,2017631,12
2027-03-01,2017743,3234
2027-03-01,2017810,1718
2027-03-01,2017811,44822
2027-03-01,2017812,22411
2027-03-01,2017839,7266
2027-03-01,2017881,138
2027-03-01,2017915,39536
2027-03-01,2017916,30307
2027-03-01,2018154,2340
2027-03-01,2018180,4
2027-03-01,2018481,24290
2027-03-01,2018482,12145
2027-03-01,2018483,21508
2027-03-01,2018484,10754
2027-03-01,2018538,69300
2027-03-01,2018539,34650
2027-03-01,2018565,4
2027-03-01,2018568,4
2027-03-01,2018575,1988
2027-03-01,2018621,3905
2027-03-01,2018727,15858
2027-03-01,2018782,90300
2027-03-01,2018783,45150
2027-03-01,2018856,49048
2027-03-01,2018857,24524
2027-03-01,2019086,105000
2027-03-01,2019087,52500
2027-03-01,2019126,7062
2027-03-01,2019131,156328
2027-03-01,2019132,78164
2027-03-01,2019381,7140
2027-03-01,2019382,3570
2027-03-01,2019392,7952
2027-03-01,2019421,253748
2027-03-01,2019422,126874
2027-03-01,2019423,126874
2027-03-01,2019491,876
2027-03-01,2019492,876
2027-03-01,2019495,42000
2027-03-01,2019496,21000
2027-03-01,2019655,3987
2027-03-01,2019825,380622
2027-03-01,2019826,190311
2027-03-01,2019827,190311
2027-03-01,2019916,855